"MIS_ID","JobID","ตำแหน่งติดตั้ง","รุ่นฟิล์ม","กว้าง","ยาว","จำนวน","ทีมช่าง","เหตุผลขอตัดฟิล์ม","หมายเหตุ","วันที่ลงรายการ"
"MIS_260601-5D7","JOB-260529-4CF","บานหน้า","Nanotech NCI - NCI20","32","60","1","วัล , นา","🆕 ลูกค้าใหม่","","1/6/2569 15:05:09"
"MIS_260601-518","JOB-260529-4CF","บานหลัง","Nanotech NCI - NCI05","26","50","1","ต้น","🆕 ลูกค้าใหม่","","1/6/2569 15:05:09"
"MIS_260601-979","JOB-260529-4CF","ประตูหน้า-ซ้าย","Nanotech NCI - NCI05","34","50","1","เอ","🆕 ลูกค้าใหม่","","1/6/2569 15:05:09"
"MIS_260601-7AB","JOB-260529-4CF","ประตูหน้า-ขวา","Nanotech NCI - NCI05","","","","พลอย","🆕 ลูกค้าใหม่","","1/6/2569 15:05:09"
"MIS_260601-63B","JOB-260529-4CF","ประตูหลัง-ซ้าย","Nanotech NCI - NCI05","18","60","1","สดใส","🆕 ลูกค้าใหม่","","1/6/2569 15:05:09"
"MIS_260601-A31","JOB-260529-4CF","ประตูหลัง-ขวา","Nanotech NCI - NCI05","","","","นัท","🆕 ลูกค้าใหม่","","1/6/2569 15:05:09"
"MIS_260601-9B2","JOB-260529-4CF","บานฟิก-ซ้าย","Nanotech NCI - NCI05","","","","","🆕 ลูกค้าใหม่","","1/6/2569 15:05:09"
"MIS_260601-195","JOB-260529-4CF","บานฟิก-ขวา","Nanotech NCI - NCI05","","","","","🆕 ลูกค้าใหม่","","1/6/2569 15:05:09"
"MIS_260601-326","JOB-260528-F34","บานหน้า","3M Ceramate - G-TEC - CM30","34","60","1","วัล , นา","🆕 ลูกค้าใหม่","","1/6/2569 15:07:20"
"MIS_260601-584","JOB-260529-F35","บานหน้า","G-TEC - CM40","37","60","1","วัล , นา","🆕 ลูกค้าใหม่","","1/6/2569 15:10:51"
"MIS_260601-36E","JOB-260529-F35","บานหลัง","G-TEC - CM40","20","41","1","ต้น","🆕 ลูกค้าใหม่","","1/6/2569 15:10:51"
"MIS_260601-7C7","JOB-260529-F35","ประตูหน้า-ซ้าย","G-TEC - CM40","20","41","1","เอ","🆕 ลูกค้าใหม่","","1/6/2569 15:10:51"
"MIS_260601-06E","JOB-260529-F35","ประตูหน้า-ขวา","G-TEC - CM40","20","41","1","พลอย","🆕 ลูกค้าใหม่","","1/6/2569 15:10:51"
"MIS_260601-301","JOB-260529-F35","ประตูหลัง-ซ้าย","G-TEC - CM40","20","31","1","เอ","🆕 ลูกค้าใหม่","","1/6/2569 15:10:51"
"MIS_260601-6B0","JOB-260529-F35","ประตูหลัง-ขวา","G-TEC - CM40","20","37","1","นัท","🆕 ลูกค้าใหม่","","1/6/2569 15:10:51"
"MIS_260601-AA5","JOB-260529-F35","บานฟิก-ซ้าย","G-TEC - CM40","","","","","🆕 ลูกค้าใหม่","","1/6/2569 15:10:51"
"MIS_260601-B48","JOB-260529-F35","บานฟิก-ขวา","G-TEC - CM40","","","","","🆕 ลูกค้าใหม่","","1/6/2569 15:10:51"
"MIS_260601-F4D","JOB-260529-F35","ซันรูฟ-ช่อง1","G-TEC - CM40","12","50","1","","🆕 ลูกค้าใหม่","","1/6/2569 15:10:51"
"MIS_260601-3C7","JOB-260530-CE3","บานหน้า","Nanotech NCI - NCI20","34","60","1","นา","🆕 ลูกค้าใหม่","","1/6/2569 15:19:12"
"MIS_260601-04D","JOB-260530-CE3","บานหลัง","Nanotech NCI - NCI05","26","45","1","ต้น","🆕 ลูกค้าใหม่","","1/6/2569 15:19:12"
"MIS_260601-24E","JOB-260530-CE3","ประตูหน้า-ซ้าย","Nanotech NCI - NCI05","17","45","1","เอ","🆕 ลูกค้าใหม่","","1/6/2569 15:19:12"
"MIS_260601-1C9","JOB-260530-CE3","ประตูหน้า-ขวา","Nanotech NCI - NCI05","17","45","1","พลอย","🆕 ลูกค้าใหม่","","1/6/2569 15:19:12"
"MIS_260601-E42","JOB-260530-CE3","ประตูหลัง-ซ้าย","Nanotech NCI - NCI05","","","","เอ","🆕 ลูกค้าใหม่","","1/6/2569 15:19:12"
"MIS_260601-C97","JOB-260530-CE3","ประตูหลัง-ขวา","Nanotech NCI - NCI05","","","","พลอย","🆕 ลูกค้าใหม่","","1/6/2569 15:19:12"
"MIS_260601-69C","JOB-260530-CE3","บานฟิก-ซ้าย","Nanotech NCI - NCI05","","","","","🆕 ลูกค้าใหม่","","1/6/2569 15:19:12"
"MIS_260601-1A1","JOB-260530-CE3","บานฟิก-ขวา","Nanotech NCI - NCI05","","","","","🆕 ลูกค้าใหม่","","1/6/2569 15:19:12"
"MIS_260601-8DE","JOB-260526-D9E","บานหน้า","3M Ultra Clear - 3M Crystalline - C40","32","60","1","ต้น , นา","🆕 ลูกค้าใหม่","","1/6/2569 15:36:19"
"MIS_260601-60C","JOB-260526-D9E","ประตูหน้า-ซ้าย","3M Ultra Clear - CM IR35","21","38","1","มาว","🆕 ลูกค้าใหม่","","1/6/2569 15:36:19"
"MIS_260601-233","JOB-260526-D9E","ประตูหน้า-ขวา","3M Ultra Clear - CM IR35","21","38","1","นา","🆕 ลูกค้าใหม่","","1/6/2569 15:36:19"
"MIS_260601-210","JOB-260527-EC7","บานหลัง","3M Ceramate - CRM 5","27","45","1","เอ","🆕 ลูกค้าใหม่","","1/6/2569 15:37:53"
"MIS_260601-DFB","JOB-260527-4E2","บานหลัง","3M Absolute  - AS15","30","48","1","เอ","🆕 ลูกค้าใหม่","","1/6/2569 15:38:25"
"MIS_260601-493","JOB-260528-B9F","บานหน้า","3M Ultra Clear - CM IR25","34","60","1","นัท , วัล","🆕 ลูกค้าใหม่","","1/6/2569 15:44:22"
"MIS_260601-8A8","JOB-260528-B9F","บานหลัง","3M Ultra Clear - CM IR5","20","40","1","สดใส","🆕 ลูกค้าใหม่","","1/6/2569 15:44:22"
"MIS_260601-771","JOB-260528-B9F","ประตูหน้า-ซ้าย","3M Ultra Clear - CM IR25","20","37","1","มาว","🆕 ลูกค้าใหม่","","1/6/2569 15:44:22"
"MIS_260601-E5E","JOB-260528-B9F","ประตูหน้า-ขวา","3M Ultra Clear - CM IR25","20","37","1","พลอย","🆕 ลูกค้าใหม่","","1/6/2569 15:44:22"
"MIS_260601-835","JOB-260528-B9F","ประตูหลัง-ซ้าย","3M Ultra Clear - CM IR5","20","40","1","เอ","🆕 ลูกค้าใหม่","","1/6/2569 15:44:22"
"MIS_260601-21D","JOB-260528-B9F","ประตูหลัง-ขวา","3M Ultra Clear - CM IR5","20","40","1","พลอย","🆕 ลูกค้าใหม่","","1/6/2569 15:44:22"
"MIS_260601-855","JOB-260528-B9F","บานฟิก-ซ้าย","3M Ultra Clear - CM IR5","","","","","🆕 ลูกค้าใหม่","","1/6/2569 15:44:22"
"MIS_260601-161","JOB-260528-B9F","บานฟิก-ขวา","3M Ultra Clear - CM IR5","","","","","🆕 ลูกค้าใหม่","","1/6/2569 15:44:22"
"MIS_260601-3D7","JOB-260528-70D","ซันรูฟ-ช่อง1","Cooper TPU - TPU BK35","60","68","1","นัท , วัล , เอ , นา","🆕 ลูกค้าใหม่","","1/6/2569 15:45:44"
"MIS_260601-A0B","JOB-260528-861","บานหน้า","Hi-Kool CM - CM 35","28","60","1","วัล , นา","🆕 ลูกค้าใหม่","","1/6/2569 15:48:05"
"MIS_260601-9EF","JOB-260528-861","บานหลัง","Hi-Kool CM - CM 20","20","43","1","สดใส","🆕 ลูกค้าใหม่","","1/6/2569 15:48:05"
"MIS_260601-AAA","JOB-260528-861","ประตูหน้า-ซ้าย","Hi-Kool CM - CM 20","20","43","1","นัท","🆕 ลูกค้าใหม่","","1/6/2569 15:48:05"
"MIS_260601-20A","JOB-260528-861","ประตูหน้า-ขวา","Hi-Kool CM - CM 20","20","43","1","พลอย","🆕 ลูกค้าใหม่","","1/6/2569 15:48:05"
"MIS_260601-160","JOB-260528-861","บานฟิก-ซ้าย","Hi-Kool CM - CM 20","13","60","1","เอ","🆕 ลูกค้าใหม่","","1/6/2569 15:48:05"
"MIS_260601-71A","JOB-260528-861","บานฟิก-ขวา","Hi-Kool CM - CM 20","","","","","🆕 ลูกค้าใหม่","","1/6/2569 15:48:05"
"MIS_260601-3AB","JOB-260527-90B","บานหน้า","3M Absolute  - AS15","31","60","1","วัล , นา","🆕 ลูกค้าใหม่","","1/6/2569 15:49:47"
"MIS_260601-31F","JOB-260527-90B","บานหลัง","3M Absolute  - AS15","30","50","1","นา","🆕 ลูกค้าใหม่","","1/6/2569 15:49:47"
"MIS_260601-4F5","JOB-260527-90B","ประตูหน้า-ซ้าย","3M Absolute  - AS15","30","50","1","มาว","🆕 ลูกค้าใหม่","","1/6/2569 15:49:47"
"MIS_260601-7E0","JOB-260527-90B","ประตูหน้า-ขวา","3M Absolute  - AS15","20","38","1","นัท","🆕 ลูกค้าใหม่","","1/6/2569 15:49:47"
"MIS_260601-0B4","JOB-260527-90B","ประตูหลัง-ซ้าย","3M Absolute  - AS15","","","","ต้น","🆕 ลูกค้าใหม่","","1/6/2569 15:49:47"
"MIS_260601-FE6","JOB-260527-90B","ประตูหลัง-ขวา","3M Absolute  - AS15","20","36","1","พลอย","🆕 ลูกค้าใหม่","","1/6/2569 15:49:47"
"MIS_260601-D6B","JOB-260527-90B","บานฟิก-ซ้าย","3M Absolute  - AS15","","","","","🆕 ลูกค้าใหม่","","1/6/2569 15:49:47"
"MIS_260601-001","JOB-260527-90B","บานฟิก-ขวา","3M Absolute  - AS15","","","","","🆕 ลูกค้าใหม่","","1/6/2569 15:49:47"
"MIS_260601-C4C","JOB-260527-90B","ซันรูฟ-ช่อง1","3M Absolute  - AS5","20","32","1","นา","🆕 ลูกค้าใหม่","","1/6/2569 15:49:47"
"MIS_260601-3AF","JOB-260527-AEB","บานหน้า","G-TEC - CM20","31","60","1","วัล","🆕 ลูกค้าใหม่","","1/6/2569 15:51:10"
"MIS_260601-2D7","JOB-260527-AEB","บานหลัง","G-TEC - CM05","28","50","1","เอ","🆕 ลูกค้าใหม่","","1/6/2569 15:51:10"
"MIS_260601-4B7","JOB-260527-AEB","ประตูหน้า-ซ้าย","G-TEC - CM05","32","50","1","มาว","🆕 ลูกค้าใหม่","","1/6/2569 15:51:10"
"MIS_260601-9FD","JOB-260527-AEB","ประตูหน้า-ขวา","G-TEC - CM05","","","","พลอย","🆕 ลูกค้าใหม่","","1/6/2569 15:51:10"
"MIS_260601-230","JOB-260527-AEB","ประตูหลัง-ซ้าย","G-TEC - CM05","20","60","1","นา","🆕 ลูกค้าใหม่","","1/6/2569 15:51:10"
"MIS_260601-1DB","JOB-260527-AEB","ประตูหลัง-ขวา","G-TEC - CM05","","","","นัท","🆕 ลูกค้าใหม่","","1/6/2569 15:51:10"
"MIS_260601-9FD","JOB-260527-AEB","บานฟิก-ซ้าย","G-TEC - CM05","","","","","🆕 ลูกค้าใหม่","","1/6/2569 15:51:10"
"MIS_260601-D83","JOB-260527-AEB","บานฟิก-ขวา","G-TEC - CM05","","","","","🆕 ลูกค้าใหม่","","1/6/2569 15:51:10"
"MIS_260601-F7E","JOB-260527-D9C","บานหน้า","3M Ceramate - CRM 35","29","60","1","วัล","🆕 ลูกค้าใหม่","","1/6/2569 15:54:30"
"MIS_260601-FDB","JOB-260527-D9C","บานหลัง","3M Ceramate - CRM 15","20","43","1","ต้น","🆕 ลูกค้าใหม่","","1/6/2569 15:54:30"
"MIS_260601-E80","JOB-260527-D9C","ประตูหน้า-ซ้าย","3M Ceramate - CRM 15","20","43","1","มาว","🆕 ลูกค้าใหม่","","1/6/2569 15:54:30"
"MIS_260601-63C","JOB-260527-D9C","ประตูหน้า-ขวา","3M Ceramate - CRM 15","20","43","1","พลอย","🆕 ลูกค้าใหม่","","1/6/2569 15:54:30"
"MIS_260601-619","JOB-260527-D9C","ประตูหลัง-ซ้าย","3M Ceramate - CRM 15","20","60","1","เอ","🆕 ลูกค้าใหม่","","1/6/2569 15:54:30"
"MIS_260601-4B6","JOB-260527-D9C","ประตูหลัง-ขวา","3M Ceramate - CRM 15","","","","นัท","🆕 ลูกค้าใหม่","","1/6/2569 15:54:30"
"MIS_260601-D6C","JOB-260527-D9C","บานฟิก-ซ้าย","3M Ceramate - CRM 15","15","60","1","","🆕 ลูกค้าใหม่","","1/6/2569 15:54:30"
"MIS_260601-AC7","JOB-260527-D9C","บานฟิก-ขวา","3M Ceramate - CRM 15","","","","","🆕 ลูกค้าใหม่","","1/6/2569 15:54:30"
"MIS_260601-148","JOB-260526-962","บานหน้า","3M Ultra Clear - CM IR50","32","60","1","ต้น","🆕 ลูกค้าใหม่","","1/6/2569 15:56:00"
"MIS_260601-D97","JOB-260526-962","บานหลัง","3M Ultra Clear - 3M CM IR - CM IR35","24","46","1","เอ","🆕 ลูกค้าใหม่","","1/6/2569 15:56:00"
"MIS_260601-A0E","JOB-260526-962","ประตูหน้า-ซ้าย","3M Ultra Clear - 3M CM IR - CM IR35","18","46","1","มาว","🆕 ลูกค้าใหม่","","1/6/2569 15:56:00"
"MIS_260601-674","JOB-260526-962","ประตูหน้า-ขวา","3M Ultra Clear - 3M CM IR - CM IR35","18","46","1","พลอย","🆕 ลูกค้าใหม่","","1/6/2569 15:56:00"
"MIS_260601-4FE","JOB-260526-962","ประตูหลัง-ซ้าย","3M Ultra Clear - 3M CM IR - CM IR35","15","60","1","นา","🆕 ลูกค้าใหม่","","1/6/2569 15:56:00"
"MIS_260601-FE8","JOB-260526-962","ประตูหลัง-ขวา","3M Ultra Clear - 3M CM IR - CM IR35","","","","นัท","🆕 ลูกค้าใหม่","","1/6/2569 15:56:00"
"MIS_260601-F4F","JOB-260526-962","บานฟิก-ซ้าย","3M Ultra Clear - 3M CM IR - CM IR35","","","","","🆕 ลูกค้าใหม่","","1/6/2569 15:56:00"
"MIS_260601-5AE","JOB-260526-962","บานฟิก-ขวา","3M Ultra Clear - 3M CM IR - CM IR35","","","","","🆕 ลูกค้าใหม่","","1/6/2569 15:56:00"
"MIS_260601-0E8","JOB-260526-2F5","ประตูหน้า-ขวา","รอเลือก - 3M Ultra Clear - CM IR25","20","46","1","นัท","🆕 ลูกค้าใหม่","","1/6/2569 15:56:33"
"MIS_260601-863","JOB-260527-D72","บานหลัง","3M Ceramate - CRM 15","20","40","1","นา","🆕 ลูกค้าใหม่","","1/6/2569 16:02:10"
"MIS_260601-2EE","JOB-260527-A57","บานหน้า","3M Absolute  - AS15","37","60","1","ต้น","🆕 ลูกค้าใหม่","","1/6/2569 16:03:24"
"MIS_260601-86D","JOB-260527-A57","บานหลัง","3M Absolute  - AS15","26","47","1","สดใส","🆕 ลูกค้าใหม่","","1/6/2569 16:03:24"
"MIS_260601-42E","JOB-260527-A57","ประตูหน้า-ซ้าย","3M Absolute  - AS15","17","47","1","มาว","🆕 ลูกค้าใหม่","","1/6/2569 16:03:24"
"MIS_260601-F4B","JOB-260527-A57","ประตูหน้า-ขวา","3M Absolute  - AS15","17","47","1","พลอย","🆕 ลูกค้าใหม่","","1/6/2569 16:03:24"
"MIS_260601-E1A","JOB-260527-A57","ประตูหลัง-ซ้าย","3M Absolute  - AS15","20","35","1","นา","🆕 ลูกค้าใหม่","","1/6/2569 16:03:24"
"MIS_260601-F7B","JOB-260527-A57","ประตูหลัง-ขวา","3M Absolute  - AS15","20","35","1","นัท","🆕 ลูกค้าใหม่","","1/6/2569 16:03:24"
"MIS_260601-E14","JOB-260527-A57","บานฟิก-ซ้าย","3M Absolute  - AS15","","","","","🆕 ลูกค้าใหม่","","1/6/2569 16:03:24"
"MIS_260601-377","JOB-260527-A57","บานฟิก-ขวา","3M Absolute  - AS15","","","","","🆕 ลูกค้าใหม่","","1/6/2569 16:03:24"
"MIS_260601-A5D","JOB-260527-584","บานหน้า","Hi-Kool Beyond - BY30","26","60","1","วัล","🆕 ลูกค้าใหม่","","1/6/2569 16:04:38"
"MIS_260601-991","JOB-260527-584","บานหลัง","Hi-Kool Beyond - BY15","16","60","1","เอ","🆕 ลูกค้าใหม่","","1/6/2569 16:04:38"
"MIS_260601-0A6","JOB-260527-584","ประตูหน้า-ซ้าย","Hi-Kool Beyond - BY15","20","43","1","มาว","🆕 ลูกค้าใหม่","","1/6/2569 16:04:38"
"MIS_260601-3BD","JOB-260527-584","ประตูหน้า-ขวา","Hi-Kool Beyond - BY15","","","","พลอย","🆕 ลูกค้าใหม่","","1/6/2569 16:04:38"
"MIS_260601-18D","JOB-260527-584","บานฟิก-ซ้าย","Hi-Kool Beyond - BY15","42","35","1","","🆕 ลูกค้าใหม่","","1/6/2569 16:04:38"
"MIS_260601-EFF","JOB-260527-584","บานฟิก-ขวา","Hi-Kool Beyond - BY15","","","","","🆕 ลูกค้าใหม่","","1/6/2569 16:04:38"
"MIS_260601-E2A","JOB-260527-90D","บานหลัง","3M Absolute  - AS5","28","50","1","ต้น","🆕 ลูกค้าใหม่","","1/6/2569 16:06:32"
"MIS_260601-E98","JOB-260527-90D","ประตูหน้า-ซ้าย","3M Absolute  - AS15","20","36","1","มาว","🆕 ลูกค้าใหม่","","1/6/2569 16:06:32"
"MIS_260601-D51","JOB-260527-90D","ประตูหน้า-ขวา","3M Absolute  - AS15","20","36","1","พลอย","🆕 ลูกค้าใหม่","","1/6/2569 16:06:32"
"MIS_260601-89C","JOB-260527-90D","ประตูหลัง-ซ้าย","3M Absolute  - AS5","32","50","1","นา","🆕 ลูกค้าใหม่","","1/6/2569 16:06:32"
"MIS_260601-1B5","JOB-260527-90D","ประตูหลัง-ขวา","3M Absolute  - AS5","","","","นัท","🆕 ลูกค้าใหม่","","1/6/2569 16:06:32"
"MIS_260601-265","JOB-260527-90D","บานฟิก-ซ้าย","3M Absolute  - AS5","","","","","🆕 ลูกค้าใหม่","","1/6/2569 16:06:32"
"MIS_260601-631","JOB-260527-90D","บานฟิก-ขวา","3M Absolute  - AS5","","","","","🆕 ลูกค้าใหม่","","1/6/2569 16:06:32"
"MIS_260601-D8C","JOB-260529-46D","บานหน้า","3M Absolute - G-TEC - CM30","27","60","1","นัท , วัล","🆕 ลูกค้าใหม่","","1/6/2569 16:07:51"
"MIS_260601-E7C","JOB-260529-46D","ประตูหน้า-ซ้าย","3M Absolute  - AS5","31","35","1","นา","🆕 ลูกค้าใหม่","","1/6/2569 16:07:51"
"MIS_260601-15A","JOB-260529-D47","ประตูหน้า-ขวา","3M Absolute  - AS35","20","37","1","ต้น","🆕 ลูกค้าใหม่","","1/6/2569 16:08:21"
"MIS_260601-F9E","JOB-260529-FD7","บานหน้า","Hi-Kool CM - CM 20","33","60","1","วัล , นา","🆕 ลูกค้าใหม่","","1/6/2569 16:09:37"
"MIS_260601-1DC","JOB-260529-FD7","บานหลัง","Hi-Kool CM - CM 05","20","41","1","ต้น","🆕 ลูกค้าใหม่","","1/6/2569 16:09:37"
"MIS_260601-E12","JOB-260529-FD7","ประตูหน้า-ซ้าย","Hi-Kool CM - CM 05","20","41","1","มาว","🆕 ลูกค้าใหม่","","1/6/2569 16:09:37"
"MIS_260601-AAD","JOB-260529-FD7","ประตูหน้า-ขวา","Hi-Kool CM - CM 05","20","41","1","พลอย","🆕 ลูกค้าใหม่","","1/6/2569 16:09:37"
"MIS_260601-171","JOB-260529-FD7","ประตูหลัง-ซ้าย","Hi-Kool CM - CM 05","18","60","1","สดใส","🆕 ลูกค้าใหม่","","1/6/2569 16:09:37"
"MIS_260601-F1F","JOB-260529-FD7","ประตูหลัง-ขวา","Hi-Kool CM - CM 05","","","","นัท","🆕 ลูกค้าใหม่","","1/6/2569 16:09:37"
"MIS_260601-839","JOB-260529-FD7","บานฟิก-ซ้าย","Hi-Kool CM - CM 05","","","","","🆕 ลูกค้าใหม่","","1/6/2569 16:09:37"
"MIS_260601-0EA","JOB-260529-FD7","บานฟิก-ขวา","Hi-Kool CM - CM 05","","","","","🆕 ลูกค้าใหม่","","1/6/2569 16:09:37"
"MIS_260601-F0C","JOB-260529-7E4","บานหน้า","Hi-Kool CM - CM 35","34","60","1","วัล , นา","🆕 ลูกค้าใหม่","","1/6/2569 16:11:12"
"MIS_260601-7EA","JOB-260529-7E4","บานหลัง","Hi-Kool CM - CM 20","26","50","1","ต้น","🆕 ลูกค้าใหม่","","1/6/2569 16:11:12"
"MIS_260601-2E5","JOB-260529-7E4","ประตูหน้า-ซ้าย","Hi-Kool CM - CM 20","34","50","1","มาว","🆕 ลูกค้าใหม่","","1/6/2569 16:11:12"
"MIS_260601-947","JOB-260529-7E4","ประตูหน้า-ขวา","Hi-Kool CM - CM 20","","","","พลอย","🆕 ลูกค้าใหม่","","1/6/2569 16:11:12"
"MIS_260601-483","JOB-260529-7E4","ประตูหลัง-ซ้าย","Hi-Kool CM - CM 20","20","60","1","นัท","🆕 ลูกค้าใหม่","","1/6/2569 16:11:12"
"MIS_260601-243","JOB-260529-7E4","ประตูหลัง-ขวา","Hi-Kool CM - CM 20","","","","เอ","🆕 ลูกค้าใหม่","","1/6/2569 16:11:12"
"MIS_260601-FA3","JOB-260529-7E4","บานฟิก-ซ้าย","Hi-Kool CM - CM 20","","","","","🆕 ลูกค้าใหม่","","1/6/2569 16:11:12"
"MIS_260601-293","JOB-260529-7E4","บานฟิก-ขวา","Hi-Kool CM - CM 20","","","","","🆕 ลูกค้าใหม่","","1/6/2569 16:11:12"
"MIS_260601-899","JOB-260528-EF4","บานหน้า","3M Absolute  - AS35","","","","","🆕 ลูกค้าใหม่","","1/6/2569 16:17:30"
"MIS_260601-19E","JOB-260528-EF4","บานหลัง","3M Absolute  - AS15","35","60","1","วัล , นา","🆕 ลูกค้าใหม่","","1/6/2569 16:17:30"
"MIS_260601-531","JOB-260528-EF4","ประตูหน้า-ซ้าย","3M Absolute  - AS15","22","40","1","เอ","🆕 ลูกค้าใหม่","","1/6/2569 16:17:30"
"MIS_260601-2A1","JOB-260528-EF4","ประตูหน้า-ขวา","3M Absolute  - AS15","19","40","1","มาว","🆕 ลูกค้าใหม่","","1/6/2569 16:17:30"
"MIS_260601-ACE","JOB-260528-EF4","ประตูหลัง-ซ้าย","3M Absolute  - AS15","19","40","1","พลอย","🆕 ลูกค้าใหม่","","1/6/2569 16:17:30"
"MIS_260601-A3B","JOB-260528-EF4","ประตูหลัง-ขวา","3M Absolute  - AS15","20","60","1","ต้น","🆕 ลูกค้าใหม่","","1/6/2569 16:17:30"
"MIS_260601-263","JOB-260528-EF4","บานฟิก-ซ้าย","3M Absolute  - AS15","11","60","1","นัท","🆕 ลูกค้าใหม่","","1/6/2569 16:17:30"
"MIS_260601-606","JOB-260528-EF4","บานฟิก-ขวา","3M Absolute  - AS15","","","","","🆕 ลูกค้าใหม่","","1/6/2569 16:17:30"
"MIS_260601-C03","JOB-260528-29C","บานหน้า","3M Absolute  - AS15","33","60","1","วัล , นา","🆕 ลูกค้าใหม่","","1/6/2569 16:19:18"
"MIS_260601-8B7","JOB-260528-29C","บานหลัง","3M Absolute  - AS15","20","47","1","ต้น","🆕 ลูกค้าใหม่","","1/6/2569 16:19:18"
"MIS_260601-6C1","JOB-260528-29C","ประตูหน้า-ซ้าย","3M Absolute  - AS15","20","47","1","มาว","🆕 ลูกค้าใหม่","","1/6/2569 16:19:18"
"MIS_260601-F50","JOB-260528-29C","ประตูหน้า-ขวา","3M Absolute  - AS15","20","47","1","พลอย","🆕 ลูกค้าใหม่","","1/6/2569 16:19:18"
"MIS_260601-96B","JOB-260528-29C","ประตูหลัง-ซ้าย","3M Absolute  - AS15","30","48","1","เอ","🆕 ลูกค้าใหม่","","1/6/2569 16:19:18"
"MIS_260601-D4F","JOB-260528-29C","ประตูหลัง-ขวา","3M Absolute  - AS15","","","","นัท","🆕 ลูกค้าใหม่","","1/6/2569 16:19:18"
"MIS_260601-86A","JOB-260528-29C","บานฟิก-ซ้าย","3M Absolute  - AS15","","","","","🆕 ลูกค้าใหม่","","1/6/2569 16:19:18"
"MIS_260601-5C6","JOB-260528-29C","บานฟิก-ขวา","3M Absolute  - AS15","","","","","🆕 ลูกค้าใหม่","","1/6/2569 16:19:18"
"MIS_260602-C3F","JOB-260528-F6C","บานหน้า","3M Ultra Clear - CM IR25","29","60","1","วัล , นา","🆕 ลูกค้าใหม่","","2/6/2569 8:14:06"
"MIS_260602-0F4","JOB-260528-F6C","บานหลัง","3M Ultra Clear - CM IR5","20","43","1","ต้น","🆕 ลูกค้าใหม่","","2/6/2569 8:14:06"
"MIS_260602-49D","JOB-260528-F6C","ประตูหน้า-ซ้าย","3M Ultra Clear - CM IR5","20","43","1","เอ","🆕 ลูกค้าใหม่","","2/6/2569 8:14:06"
"MIS_260602-B90","JOB-260528-F6C","ประตูหน้า-ขวา","3M Ultra Clear - CM IR5","20","43","1","พลอย","🆕 ลูกค้าใหม่","","2/6/2569 8:14:06"
"MIS_260602-ADF","JOB-260528-F6C","ประตูหลัง-ซ้าย","3M Ultra Clear - CM IR5","19","60","1","พลอย","🆕 ลูกค้าใหม่","","2/6/2569 8:14:06"
"MIS_260602-9C2","JOB-260528-F6C","ประตูหลัง-ขวา","3M Ultra Clear - CM IR5","","","","นัท","🆕 ลูกค้าใหม่","","2/6/2569 8:14:06"
"MIS_260602-67A","JOB-260528-F6C","บานฟิก-ซ้าย","3M Ultra Clear - CM IR5","15","60","1","ต้น","🆕 ลูกค้าใหม่","","2/6/2569 8:14:06"
"MIS_260602-8E5","JOB-260528-F6C","บานฟิก-ขวา","3M Ultra Clear - CM IR5","","","","","🆕 ลูกค้าใหม่","","2/6/2569 8:14:06"
"MIS_260602-A1E","JOB-260530-17B","บานหน้า","G-TEC - CM40","36","60","1","วัล , นา","🆕 ลูกค้าใหม่","","2/6/2569 8:16:28"
"MIS_260602-9A3","JOB-260530-17B","บานหลัง","G-TEC - CM30","28","44","1","ต้น","🆕 ลูกค้าใหม่","","2/6/2569 8:16:28"
"MIS_260602-75B","JOB-260530-17B","ประตูหน้า-ซ้าย","G-TEC - CM15","20","37","1","พลอย","🆕 ลูกค้าใหม่","","2/6/2569 8:16:28"
"MIS_260602-A62","JOB-260530-17B","ประตูหน้า-ขวา","G-TEC - CM15","20","37","1","พลอย","🆕 ลูกค้าใหม่","","2/6/2569 8:16:28"
"MIS_260602-740","JOB-260530-17B","ประตูหลัง-ซ้าย","G-TEC - CM15","20","37","1","เอ","🆕 ลูกค้าใหม่","","2/6/2569 8:16:28"
"MIS_260602-E3D","JOB-260530-17B","ประตูหลัง-ขวา","G-TEC - CM15","20","38","1","นัท","🆕 ลูกค้าใหม่","","2/6/2569 8:16:28"
"MIS_260602-314","JOB-260530-17B","บานฟิก-ซ้าย","G-TEC - CM15","","","","","🆕 ลูกค้าใหม่","","2/6/2569 8:16:28"
"MIS_260602-B66","JOB-260530-17B","บานฟิก-ขวา","G-TEC - CM15","","","","","🆕 ลูกค้าใหม่","","2/6/2569 8:16:28"
"MIS_260602-F1A","JOB-260530-E70","บานหน้า","3M Absolute  - AS35","34","60","1","วัล","🆕 ลูกค้าใหม่","","2/6/2569 8:18:22"
"MIS_260602-E26","JOB-260530-E70","บานหลัง","3M Absolute  - AS15","30","50","1","สดใส","🆕 ลูกค้าใหม่","","2/6/2569 8:18:22"
"MIS_260602-9D8","JOB-260530-E70","ประตูหน้า-ซ้าย","3M Absolute  - AS35","20","38","1","เอ","🆕 ลูกค้าใหม่","","2/6/2569 8:18:22"
"MIS_260602-7CD","JOB-260530-E70","ประตูหน้า-ขวา","3M Absolute  - AS35","20","38","1","พลอย","🆕 ลูกค้าใหม่","","2/6/2569 8:18:22"
"MIS_260602-369","JOB-260530-E70","ประตูหลัง-ซ้าย","3M Absolute  - AS15","30","50","1","เอ","🆕 ลูกค้าใหม่","","2/6/2569 8:18:22"
"MIS_260602-9B1","JOB-260530-E70","ประตูหลัง-ขวา","3M Absolute  - AS15","","","","นัท","🆕 ลูกค้าใหม่","","2/6/2569 8:18:22"
"MIS_260602-E17","JOB-260530-E70","บานฟิก-ซ้าย","3M Absolute  - AS15","","","","","🆕 ลูกค้าใหม่","","2/6/2569 8:18:22"
"MIS_260602-E24","JOB-260530-E70","บานฟิก-ขวา","3M Absolute  - AS15","","","","","🆕 ลูกค้าใหม่","","2/6/2569 8:18:22"
"MIS_260602-65A","JOB-260528-DE3","บานหน้า","Hi-Kool CM - CM 35","32","60","1","นัท , วัล","🆕 ลูกค้าใหม่","","2/6/2569 8:20:41"
"MIS_260602-FFD","JOB-260528-DE3","บานหลัง","Hi-Kool CM - CM 20","20","40","1","สดใส","🆕 ลูกค้าใหม่","","2/6/2569 8:20:41"
"MIS_260602-671","JOB-260528-DE3","ประตูหน้า-ซ้าย","Hi-Kool CM - CM 20","20","40","1","เอ","🆕 ลูกค้าใหม่","","2/6/2569 8:20:41"
"MIS_260602-F4B","JOB-260528-DE3","ประตูหน้า-ขวา","Hi-Kool CM - CM 20","20","40","1","พลอย","🆕 ลูกค้าใหม่","","2/6/2569 8:20:41"
"MIS_260602-858","JOB-260528-DE3","ประตูหลัง-ซ้าย","Hi-Kool CM - CM 05","19","60","1","เอ","🆕 ลูกค้าใหม่","","2/6/2569 8:20:41"
"MIS_260602-32C","JOB-260528-DE3","ประตูหลัง-ขวา","Hi-Kool CM - CM 05","","","","นัท","🆕 ลูกค้าใหม่","","2/6/2569 8:20:41"
"MIS_260602-0EA","JOB-260528-DE3","บานฟิก-ซ้าย","Hi-Kool CM - CM 05","12","60","1","","🆕 ลูกค้าใหม่","","2/6/2569 8:20:41"
"MIS_260602-171","JOB-260528-DE3","บานฟิก-ขวา","Hi-Kool CM - CM 05","","","","","🆕 ลูกค้าใหม่","","2/6/2569 8:20:41"
"MIS_260602-25C","JOB-260528-D85","บานหน้า","Hi-Kool CM - CM 20","35","60","1","วัล , นา","🆕 ลูกค้าใหม่","","2/6/2569 8:24:31"
"MIS_260602-77D","JOB-260528-D85","บานหลัง","Hi-Kool CM - CM 05","26","45","1","สดใส","🆕 ลูกค้าใหม่","","2/6/2569 8:24:31"
"MIS_260602-5DE","JOB-260528-D85","ประตูหน้า-ซ้าย","Hi-Kool CM - CM 05","17","45","1","เอ","🆕 ลูกค้าใหม่","","2/6/2569 8:24:31"
"MIS_260602-6D7","JOB-260528-D85","ประตูหน้า-ขวา","Hi-Kool CM - CM 05","17","45","1","พลอย","🆕 ลูกค้าใหม่","","2/6/2569 8:24:31"
"MIS_260602-E6A","JOB-260528-D85","ประตูหลัง-ซ้าย","Hi-Kool CM - CM 05","18","60","1","ต้น","🆕 ลูกค้าใหม่","","2/6/2569 8:24:31"
"MIS_260602-F77","JOB-260528-D85","ประตูหลัง-ขวา","Hi-Kool CM - CM 05","","","","นา","🆕 ลูกค้าใหม่","","2/6/2569 8:24:31"
"MIS_260602-38B","JOB-260528-D85","บานฟิก-ซ้าย","Hi-Kool CM - CM 05","","","","","🆕 ลูกค้าใหม่","","2/6/2569 8:24:31"
"MIS_260602-BF2","JOB-260528-D85","บานฟิก-ขวา","Hi-Kool CM - CM 05","","","","","🆕 ลูกค้าใหม่","","2/6/2569 8:24:31"
"MIS_260602-CA1","JOB-260601-646","บานหน้า","G-TEC - CM20","26","60","1","วัล , นา","🆕 ลูกค้าใหม่","","2/6/2569 8:25:07"
"MIS_260602-CEA","JOB-260529-44F","บานหน้า","3M Ultra Clear - CM IR25","30","60","1","นัท , นา","🆕 ลูกค้าใหม่","","2/6/2569 8:25:44"
"MIS_260602-3E9","JOB-260601-415","บานหน้า","Hi-Kool CM - CM 35","36","60","1","วัล , นา","🆕 ลูกค้าใหม่","","2/6/2569 8:27:31"
"MIS_260602-285","JOB-260601-415","บานหลัง","Hi-Kool CM - CM 20","26","45","1","ต้น","🆕 ลูกค้าใหม่","","2/6/2569 8:27:31"
"MIS_260602-2E2","JOB-260601-415","ประตูหน้า-ซ้าย","Hi-Kool CM - CM 20","17","45","1","นัท","🆕 ลูกค้าใหม่","","2/6/2569 8:27:31"
"MIS_260602-0D9","JOB-260601-415","ประตูหน้า-ขวา","Hi-Kool CM - CM 20","17","45","1","พลอย","🆕 ลูกค้าใหม่","","2/6/2569 8:27:31"
"MIS_260602-315","JOB-260601-415","ประตูหลัง-ซ้าย","Hi-Kool CM - CM 20","20","37","1","เอ","🆕 ลูกค้าใหม่","","2/6/2569 8:27:31"
"MIS_260602-E55","JOB-260601-415","ประตูหลัง-ขวา","Hi-Kool CM - CM 20","20","33","1","นัท","🆕 ลูกค้าใหม่","","2/6/2569 8:27:31"
"MIS_260602-1E8","JOB-260601-415","บานฟิก-ซ้าย","Hi-Kool CM - CM 20","","","","","🆕 ลูกค้าใหม่","","2/6/2569 8:27:31"
"MIS_260602-142","JOB-260601-415","บานฟิก-ขวา","Hi-Kool CM - CM 20","","","","","🆕 ลูกค้าใหม่","","2/6/2569 8:27:31"
"MIS_260602-562","JOB-260601-BB1","บานหน้า","3M Ultra Clear - CM IR25","31","60","1","วัล , นา","🆕 ลูกค้าใหม่","","2/6/2569 8:29:28"
"MIS_260602-AD1","JOB-260601-BB1","บานหลัง","3M Ultra Clear - CM IR5","29","50","1","ต้น","🆕 ลูกค้าใหม่","","2/6/2569 8:29:28"
"MIS_260602-765","JOB-260601-BB1","ประตูหน้า-ซ้าย","3M Ultra Clear - CM IR5","31","50","1","เอ","🆕 ลูกค้าใหม่","","2/6/2569 8:29:28"
"MIS_260602-1E5","JOB-260601-BB1","ประตูหน้า-ขวา","3M Ultra Clear - CM IR5","","","","พลอย","🆕 ลูกค้าใหม่","","2/6/2569 8:29:28"
"MIS_260602-BD2","JOB-260601-BB1","ประตูหลัง-ซ้าย","3M Ultra Clear - CM IR5","18","60","1","นัท","🆕 ลูกค้าใหม่","","2/6/2569 8:29:28"
"MIS_260602-8F4","JOB-260601-BB1","ประตูหลัง-ขวา","3M Ultra Clear - CM IR5","","","","นัท","🆕 ลูกค้าใหม่","","2/6/2569 8:29:28"
"MIS_260602-199","JOB-260601-BB1","บานฟิก-ซ้าย","3M Ultra Clear - CM IR5","","","","","🆕 ลูกค้าใหม่","","2/6/2569 8:29:28"
"MIS_260602-469","JOB-260601-BB1","บานฟิก-ขวา","3M Ultra Clear - CM IR5","","","","","🆕 ลูกค้าใหม่","","2/6/2569 8:29:28"
"MIS_260602-EFC","JOB-260601-BB1","ซันรูฟ-ช่อง1","3M Ultra Clear - CM IR70","20","32","1","","🆕 ลูกค้าใหม่","","2/6/2569 8:29:28"
"MIS_260602-8C5","JOB-260601-9B5","บานหน้า","Hi-Kool Beyond - BY30","32","60","1","วัล , นา","🆕 ลูกค้าใหม่","","2/6/2569 8:33:40"
"MIS_260602-976","JOB-260601-9B5","บานหลัง","Hi-Kool Beyond - BY20","26","47","1","สดใส","🆕 ลูกค้าใหม่","","2/6/2569 8:33:40"
"MIS_260602-41B","JOB-260601-9B5","ประตูหน้า-ซ้าย","Hi-Kool Beyond - BY20","17","47","1","เอ","🆕 ลูกค้าใหม่","","2/6/2569 8:33:40"
"MIS_260602-A2C","JOB-260601-9B5","ประตูหน้า-ขวา","Hi-Kool Beyond - BY20","17","47","1","พลอย","🆕 ลูกค้าใหม่","","2/6/2569 8:33:40"
"MIS_260602-844","JOB-260601-9B5","ประตูหลัง-ซ้าย","Hi-Kool Beyond - BY20","18","60","1","เอ","🆕 ลูกค้าใหม่","","2/6/2569 8:33:40"
"MIS_260602-17D","JOB-260601-9B5","ประตูหลัง-ขวา","Hi-Kool Beyond - BY20","","","","นัท","🆕 ลูกค้าใหม่","","2/6/2569 8:33:40"
"MIS_260602-D0D","JOB-260601-9B5","บานฟิก-ซ้าย","Hi-Kool Beyond - BY20","","","","","🆕 ลูกค้าใหม่","","2/6/2569 8:33:40"
"MIS_260602-E96","JOB-260601-9B5","บานฟิก-ขวา","Hi-Kool Beyond - BY20","","","","","🆕 ลูกค้าใหม่","","2/6/2569 8:33:40"
"MIS_260602-4D1","JOB-260602-D1E","บานหน้า","3M Ultra Clear - CM IR50","33","60","1","เกิดจากฟิล์ม","🎞 (ฟิล์ม) ฟิล์มเป็นรอย","","2/6/2569 20:45:38"
"MIS_260602-796","JOB-260527-5A5","บานหน้า","Hi-Kool Beyond - BY30","29","60","1","เกิดจากฟิล์ม","🛠 (ช่าง) เป่าไหม้","","2/6/2569 20:49:19"
"MIS_260602-1F9","JOB-260529-CDC","ประตูหน้า-ขวา","3M Ultra Clear - CM IR35","21","38","1","เกิดจากฟิล์ม","🎞 (ฟิล์ม) ตามด","","2/6/2569 20:57:43"
"MIS_260602-01A","JOB-260601-338","บานหน้า","Nanotech NCI - NCI20","32","60","1","เกิดจากฟิล์ม","🎞 (ฟิล์ม) ฟิล์มร่อน","","2/6/2569 20:58:17"
"MIS_260603-0B3","JOB-260603-09C","บานหน้า","3M Absolute  - AS15","29","60","1","ต้น","⚠️ (อื่นๆ) ไม่ทราบสาเหตุ","","3/6/2569 11:16:51"
"MIS_260604-77D","JOB-260602-F7A","บานหน้า","3M Ultra Clear - CM IR25","31","60","1","วัล","🆕 ลูกค้าใหม่","","4/6/2569 9:46:50"
"MIS_260604-939","JOB-260602-F7A","บานหลัง","3M Ultra Clear - CM IR5","20","40","1","สดใส","🆕 ลูกค้าใหม่","","4/6/2569 9:46:50"
"MIS_260604-430","JOB-260602-F7A","ประตูหน้า-ซ้าย","3M Ultra Clear - CM IR5","20","40","1","นัท","🆕 ลูกค้าใหม่","","4/6/2569 9:46:50"
"MIS_260604-996","JOB-260602-F7A","ประตูหน้า-ขวา","3M Ultra Clear - CM IR5","20","40","1","ต้น","🆕 ลูกค้าใหม่","","4/6/2569 9:46:50"
"MIS_260604-F64","JOB-260602-F7A","ประตูหลัง-ซ้าย","3M Ultra Clear - CM IR5","16","60","1","เอ","🆕 ลูกค้าใหม่","","4/6/2569 9:46:50"
"MIS_260604-CBA","JOB-260602-F7A","ประตูหลัง-ขวา","3M Ultra Clear - CM IR5","","","","พลอย","🆕 ลูกค้าใหม่","","4/6/2569 9:46:50"
"MIS_260604-C88","JOB-260602-F7A","บานฟิก-ซ้าย","3M Ultra Clear - CM IR5","","","","","🆕 ลูกค้าใหม่","","4/6/2569 9:46:50"
"MIS_260604-4EF","JOB-260602-F7A","บานฟิก-ขวา","3M Ultra Clear - CM IR5","","","","","🆕 ลูกค้าใหม่","","4/6/2569 9:46:50"
"MIS_260604-A0A","JOB-260602-F7A","ซันรูฟ-ช่อง1","3M Ultra Clear - CM IR25","13","30","1","","🆕 ลูกค้าใหม่","","4/6/2569 9:46:50"
"MIS_260604-D51","JOB-260530-C3F","ประตูหน้า-ซ้าย","3M Ceramate - CRM 35","20","38","1","มาว","🆕 ลูกค้าใหม่","","4/6/2569 9:48:19"
"MIS_260604-5A5","JOB-260530-C3F","ประตูหน้า-ขวา","3M Ceramate - CRM 35","20","38","1","นา","🆕 ลูกค้าใหม่","","4/6/2569 9:48:19"
"MIS_260604-95A","JOB-260530-C3F","ประตูหลัง-ซ้าย","3M Ceramate - CRM 15","18","60","1","เอ","🆕 ลูกค้าใหม่","","4/6/2569 9:48:19"
"MIS_260604-159","JOB-260530-C3F","ประตูหลัง-ขวา","3M Ceramate - CRM 15","","","","นา","🆕 ลูกค้าใหม่","","4/6/2569 9:48:19"
"MIS_260604-4E0","JOB-260603-524","บานหน้า","3M Ultra Clear - CM IR35","29","60","1","นา","🆕 ลูกค้าใหม่","","4/6/2569 9:49:22"
"MIS_260604-DE1","JOB-260603-524","บานหลัง","3M Ultra Clear - CM IR15","12","60","1","เอ","🆕 ลูกค้าใหม่","","4/6/2569 9:49:22"
"MIS_260604-9E3","JOB-260603-524","ประตูหน้า-ซ้าย","3M Ultra Clear - CM IR15","20","38","1","มาว","🆕 ลูกค้าใหม่","","4/6/2569 9:49:22"
"MIS_260604-D57","JOB-260603-524","ประตูหน้า-ขวา","3M Ultra Clear - CM IR15","20","38","1","พลอย","🆕 ลูกค้าใหม่","","4/6/2569 9:49:22"
"MIS_260604-AF2","JOB-260603-524","บานฟิก-ซ้าย","3M Ultra Clear - CM IR15","20","38","1","","🆕 ลูกค้าใหม่","","4/6/2569 9:49:22"
"MIS_260604-DB6","JOB-260603-217","บานหน้า","Hi-Kool CM - CM 35","33","60","1","วัล , นา","🆕 ลูกค้าใหม่","","4/6/2569 9:50:26"
"MIS_260604-6A2","JOB-260603-217","บานหลัง","Hi-Kool CM - CM 20","28","44","1","สดใส","🆕 ลูกค้าใหม่","","4/6/2569 9:50:26"
"MIS_260604-1B7","JOB-260603-217","ประตูหน้า-ซ้าย","Hi-Kool CM - CM 05","20","38","1","มาว","🆕 ลูกค้าใหม่","","4/6/2569 9:50:26"
"MIS_260604-1A7","JOB-260603-217","ประตูหน้า-ขวา","Hi-Kool CM - CM 05","20","38","1","พลอย","🆕 ลูกค้าใหม่","","4/6/2569 9:50:26"
"MIS_260604-0B2","JOB-260603-217","ประตูหลัง-ซ้าย","Hi-Kool CM - CM 05","17","60","1","เอ","🆕 ลูกค้าใหม่","","4/6/2569 9:50:26"
"MIS_260604-15C","JOB-260603-217","ประตูหลัง-ขวา","Hi-Kool CM - CM 05","","","","นัท","🆕 ลูกค้าใหม่","","4/6/2569 9:50:26"
"MIS_260604-D53","JOB-260603-A02","บานหน้า","3M Ceramate - CRM 35","35","60","1","วัล","🆕 ลูกค้าใหม่","","4/6/2569 9:51:41"
"MIS_260604-F99","JOB-260603-A02","บานหลัง","3M Ceramate - CRM 15","20","46","1","สดใส","🆕 ลูกค้าใหม่","","4/6/2569 9:51:41"
"MIS_260604-0DB","JOB-260603-A02","ประตูหน้า-ซ้าย","3M Ceramate - CRM 15","20","46","1","มาว","🆕 ลูกค้าใหม่","","4/6/2569 9:51:41"
"MIS_260604-490","JOB-260603-A02","ประตูหน้า-ขวา","3M Ceramate - CRM 15","20","46","1","พลอย","🆕 ลูกค้าใหม่","","4/6/2569 9:51:41"
"MIS_260604-826","JOB-260603-A02","ประตูหลัง-ซ้าย","3M Ceramate - CRM 15","20","33","1","มาว","🆕 ลูกค้าใหม่","","4/6/2569 9:51:41"
"MIS_260604-01A","JOB-260603-A02","ประตูหลัง-ขวา","3M Ceramate - CRM 15","20","33","1","พลอย","🆕 ลูกค้าใหม่","","4/6/2569 9:51:41"
"MIS_260604-EAF","JOB-260603-731","บานหน้า","Hi-Kool Beyond - BY30","35","60","1","นา","🆕 ลูกค้าใหม่","","4/6/2569 9:53:10"
"MIS_260604-BF7","JOB-260603-731","บานหลัง","Hi-Kool Beyond - BY30","20","46","1","เอ","🆕 ลูกค้าใหม่","","4/6/2569 9:53:10"
"MIS_260604-A6E","JOB-260603-731","ประตูหน้า-ซ้าย","Hi-Kool Beyond - BY20","20","46","1","มาว","🆕 ลูกค้าใหม่","","4/6/2569 9:53:10"
"MIS_260604-AD8","JOB-260603-731","ประตูหน้า-ขวา","Hi-Kool Beyond - BY20","20","46","1","พลอย","🆕 ลูกค้าใหม่","","4/6/2569 9:53:10"
"MIS_260604-F22","JOB-260603-731","ประตูหลัง-ซ้าย","Hi-Kool Beyond - BY20","18","60","1","นัท","🆕 ลูกค้าใหม่","","4/6/2569 9:53:10"
"MIS_260604-167","JOB-260603-731","ประตูหลัง-ขวา","Hi-Kool Beyond - BY20","","","","วัล","🆕 ลูกค้าใหม่","","4/6/2569 9:53:10"
"MIS_260604-31A","JOB-260603-731","บานฟิก-ซ้าย","Hi-Kool Beyond - BY20","11","60","1","","🆕 ลูกค้าใหม่","","4/6/2569 9:53:10"
"MIS_260604-FD8","JOB-260601-ADE","บานหน้า","Hi-Kool Beyond - BY15","29","60","1","วัล","🆕 ลูกค้าใหม่","","4/6/2569 9:54:26"
"MIS_260604-406","JOB-260601-ADE","บานหลัง","Hi-Kool Beyond - BY15","20","38","1","สดใส","🆕 ลูกค้าใหม่","","4/6/2569 9:54:26"
"MIS_260604-C16","JOB-260601-ADE","ประตูหน้า-ซ้าย","Hi-Kool Beyond - BY05","20","34","1","ต้น","🆕 ลูกค้าใหม่","","4/6/2569 9:54:26"
"MIS_260604-741","JOB-260601-ADE","ประตูหน้า-ขวา","Hi-Kool Beyond - BY05","20","34","1","พลอย","🆕 ลูกค้าใหม่","","4/6/2569 9:54:26"
"MIS_260604-CCC","JOB-260601-ADE","ประตูหลัง-ซ้าย","Hi-Kool Beyond - BY05","20","34","1","ต้น","🆕 ลูกค้าใหม่","","4/6/2569 9:54:26"
"MIS_260604-FD7","JOB-260601-ADE","ประตูหลัง-ขวา","Hi-Kool Beyond - BY05","20","33","1","นัท","🆕 ลูกค้าใหม่","","4/6/2569 9:54:26"
"MIS_260604-E72","JOB-260601-ADE","บานฟิก-ซ้าย","Hi-Kool Beyond - BY05","","","","","🆕 ลูกค้าใหม่","","4/6/2569 9:54:26"
"MIS_260604-B64","JOB-260601-ADE","บานฟิก-ขวา","Hi-Kool Beyond - BY05","","","","","🆕 ลูกค้าใหม่","","4/6/2569 9:54:26"
"MIS_260604-564","JOB-260603-163","บานหน้า","Hi-Kool Beyond - BY20","35","60","1","นา","🆕 ลูกค้าใหม่","","4/6/2569 9:56:15"
"MIS_260604-55E","JOB-260603-163","บานหลัง","Hi-Kool Beyond - BY20","20","46","1","เอ","🆕 ลูกค้าใหม่","","4/6/2569 9:56:15"
"MIS_260604-99A","JOB-260603-163","ประตูหน้า-ซ้าย","Hi-Kool Beyond - BY15","20","38","1","มาว","🆕 ลูกค้าใหม่","","4/6/2569 9:56:15"
"MIS_260604-3F8","JOB-260603-163","ประตูหน้า-ขวา","Hi-Kool Beyond - BY15","20","38","1","พลอย","🆕 ลูกค้าใหม่","","4/6/2569 9:56:15"
"MIS_260604-B3D","JOB-260603-163","ประตูหลัง-ซ้าย","Hi-Kool Beyond - BY05","20","33","1","มาว","🆕 ลูกค้าใหม่","","4/6/2569 9:56:15"
"MIS_260604-83D","JOB-260603-163","ประตูหลัง-ขวา","Hi-Kool Beyond - BY05","20","33","1","พลอย","🆕 ลูกค้าใหม่","","4/6/2569 9:56:15"
"MIS_260604-D6D","JOB-260603-2E3","บานหน้า","3M Ceramate - CRM 15","34","60","1","ต้น","🆕 ลูกค้าใหม่","","4/6/2569 9:58:06"
"MIS_260604-7CC","JOB-260603-2E3","บานหลัง","3M Ceramate - CRM 5","27","44","1","สดใส","🆕 ลูกค้าใหม่","","4/6/2569 9:58:06"
"MIS_260604-135","JOB-260603-2E3","ประตูหน้า-ซ้าย","3M Ceramate - CRM 5","16.5","44","1","ต้น","🆕 ลูกค้าใหม่","","4/6/2569 9:58:06"
"MIS_260604-83E","JOB-260603-2E3","ประตูหน้า-ขวา","3M Ceramate - CRM 5","16.5","44","1","นัท","🆕 ลูกค้าใหม่","","4/6/2569 9:58:06"
"MIS_260604-1D8","JOB-260603-2E3","ประตูหลัง-ซ้าย","3M Ceramate - CRM 5","33","45","1","ต้น","🆕 ลูกค้าใหม่","","4/6/2569 9:58:06"
"MIS_260604-383","JOB-260603-2E3","ประตูหลัง-ขวา","3M Ceramate - CRM 5","","","","นัท","🆕 ลูกค้าใหม่","","4/6/2569 9:58:06"
"MIS_260604-AC6","JOB-260602-DE1","บานหน้า","3M Ceramate - CRM 35","32","60","1","","🆕 ลูกค้าใหม่","","4/6/2569 9:59:37"
"MIS_260604-D71","JOB-260602-DE1","บานหลัง","","","","","","🆕 ลูกค้าใหม่","","4/6/2569 9:59:37"
"MIS_260604-1FA","JOB-260602-DE1","ประตูหน้า-ซ้าย","3M Ceramate - CRM 15","20","40","1","","🆕 ลูกค้าใหม่","","4/6/2569 9:59:37"
"MIS_260604-FB6","JOB-260602-DE1","ประตูหน้า-ขวา","3M Ceramate - CRM 15","20","40","1","","🆕 ลูกค้าใหม่","","4/6/2569 9:59:37"
"MIS_260604-952","JOB-260602-1D3","บานหลัง","Hi-Kool BA - BA60","28","49","1","ต้น","🆕 ลูกค้าใหม่","","4/6/2569 10:00:51"
"MIS_260604-174","JOB-260602-1D3","ประตูหลัง-ซ้าย","Hi-Kool BA - BA60","32","49","1","นา","🆕 ลูกค้าใหม่","","4/6/2569 10:00:51"
"MIS_260604-51E","JOB-260602-1D3","ประตูหลัง-ขวา","Hi-Kool BA - BA60","","","","นัท","🆕 ลูกค้าใหม่","","4/6/2569 10:00:51"
"MIS_260604-AF8","JOB-260602-1D3","บานฟิก-ซ้าย","Hi-Kool BA - BA60","20","22","1","","🆕 ลูกค้าใหม่","","4/6/2569 10:00:51"
"MIS_260604-2CA","JOB-260602-1D3","บานฟิก-ขวา","Hi-Kool BA - BA60","","","","","🆕 ลูกค้าใหม่","","4/6/2569 10:00:51"
"MIS_260604-715","JOB-260529-C40","บานหน้า","3M Ultra Clear - CM IR25","34","60","1","ต้น","🆕 ลูกค้าใหม่","","4/6/2569 10:01:55"
"MIS_260604-A5C","JOB-260529-C40","บานหลัง","3M Ultra Clear - CM IR5","20","43","1","ต้น","🆕 ลูกค้าใหม่","","4/6/2569 10:01:55"
"MIS_260604-515","JOB-260529-C40","ประตูหน้า-ซ้าย","3M Ultra Clear - CM IR5","20","43","1","เอ","🆕 ลูกค้าใหม่","","4/6/2569 10:01:55"
"MIS_260604-187","JOB-260529-C40","ประตูหน้า-ขวา","3M Ultra Clear - CM IR5","20","43","1","พลอย","🆕 ลูกค้าใหม่","","4/6/2569 10:01:55"
"MIS_260604-109","JOB-260529-C40","ประตูหลัง-ซ้าย","3M Ultra Clear - CM IR5","18","60","1","เอ","🆕 ลูกค้าใหม่","","4/6/2569 10:01:55"
"MIS_260604-479","JOB-260529-C40","ประตูหลัง-ขวา","3M Ultra Clear - CM IR5","","","","นัท","🆕 ลูกค้าใหม่","","4/6/2569 10:01:55"
"MIS_260604-92B","JOB-260602-5D1","บานหน้า","3M Ultra Clear - CM IR50","33","60","1","","🆕 ลูกค้าใหม่","","4/6/2569 10:02:49"
"MIS_260604-00B","JOB-260602-5D1","บานหลัง","3M Ultra Clear - CM IR50","26","45","1","","🆕 ลูกค้าใหม่","","4/6/2569 10:02:49"
"MIS_260604-442","JOB-260602-5D1","ประตูหน้า-ซ้าย","3M Ultra Clear - CM IR50","17","45","1","","🆕 ลูกค้าใหม่","","4/6/2569 10:02:49"
"MIS_260604-D52","JOB-260602-5D1","ประตูหน้า-ขวา","3M Ultra Clear - CM IR50","17","45","1","","🆕 ลูกค้าใหม่","","4/6/2569 10:02:49"
"MIS_260604-526","JOB-260602-5D1","ประตูหลัง-ซ้าย","3M Ultra Clear - CM IR50","18","60","1","","🆕 ลูกค้าใหม่","","4/6/2569 10:02:49"
"MIS_260604-B0D","JOB-260602-5D1","ประตูหลัง-ขวา","3M Ultra Clear - CM IR50","","","","","🆕 ลูกค้าใหม่","","4/6/2569 10:02:49"
"MIS_260604-6CF","JOB-260602-5D1","บานฟิก-ซ้าย","3M Ultra Clear - CM IR50","","","","","🆕 ลูกค้าใหม่","","4/6/2569 10:02:49"
"MIS_260604-65C","JOB-260602-5D1","บานฟิก-ขวา","3M Ultra Clear - CM IR50","","","","","🆕 ลูกค้าใหม่","","4/6/2569 10:02:49"
"MIS_260604-0CD","JOB-260601-B11","บานหลัง","Nanotech NCI - NCI35","26","48","1","เอ","🆕 ลูกค้าใหม่","","4/6/2569 10:10:58"
"MIS_260604-613","JOB-260528-603","ประตูหน้า-ซ้าย","3M Ultra Clear - CM IR70","20","35","1","นัท","🆕 ลูกค้าใหม่","","4/6/2569 10:15:23"
"MIS_260604-344","JOB-260528-603","ประตูหน้า-ขวา","3M Ultra Clear - CM IR70","20","35","1","พลอย","🆕 ลูกค้าใหม่","","4/6/2569 10:15:23"
"MIS_260604-0E2","JOB-260528-603","ประตูหลัง-ซ้าย","3M Ultra Clear - CM IR70","20","35","1","ต้น","🆕 ลูกค้าใหม่","","4/6/2569 10:15:23"
"MIS_260604-76A","JOB-260528-603","แครี่บอย-ซ้าย","3M Ultra Clear - CM IR70","16","60","1","นา","🆕 ลูกค้าใหม่","","4/6/2569 10:15:23"
"MIS_260604-3DE","JOB-260602-F8A","บานหลัง","Hi-Kool CM - CM 20","29","60","1","","🆕 ลูกค้าใหม่","","4/6/2569 10:16:11"
"MIS_260604-3AE","JOB-260602-F8A","ประตูหน้า-ซ้าย","Hi-Kool CM - CM 20","20","49","1","","🆕 ลูกค้าใหม่","","4/6/2569 10:16:11"
"MIS_260604-DD3","JOB-260602-F8A","ประตูหน้า-ขวา","Hi-Kool CM - CM 20","20","49","1","","🆕 ลูกค้าใหม่","","4/6/2569 10:16:11"
"MIS_260604-95C","JOB-260602-F8A","ประตูหลัง-ซ้าย","Hi-Kool CM - CM 20","20","49","1","","🆕 ลูกค้าใหม่","","4/6/2569 10:16:11"
"MIS_260604-D73","JOB-260602-F8A","ประตูหลัง-ขวา","Hi-Kool CM - CM 20","20","60","1","","🆕 ลูกค้าใหม่","","4/6/2569 10:16:11"
"MIS_260604-948","JOB-260602-F8A","บานฟิก-ซ้าย","Hi-Kool CM - CM 20","","","","","🆕 ลูกค้าใหม่","","4/6/2569 10:16:11"
"MIS_260604-D6F","JOB-260602-F8A","บานฟิก-ขวา","Hi-Kool CM - CM 20","15","60","1","","🆕 ลูกค้าใหม่","","4/6/2569 10:16:11"
"MIS_260604-08F","JOB-260604-F9E","ประตูหลัง-ซ้าย","Hi-Kool Beyond - BY05","16","30","1","เอ","🛠 (ช่าง) รีดหัก","","4/6/2569 11:05:07"
"MIS_260604-2F4","JOB-260604-1E3","ประตูหลัง-ซ้าย","3M Absolute  - AS15","20","38","1","ต้น","🛠 (ช่าง) ตัดแหว่ง","","4/6/2569 15:19:03"
"MIS_260605-4A6","JOB-260605-432","บานหน้า","3M Ultra Clear - CM IR25","32","60","1","นา","🛠 (ช่าง) รีดหัก","","5/6/2569 10:38:24"
"MIS_260605-140","JOB-260604-C51","บานหน้า","3M Ultra Clear - CM IR15","35","60","1","วัล","🆕 ลูกค้าใหม่","","5/6/2569 11:00:45"
"MIS_260605-D8A","JOB-260604-C51","บานหลัง","3M Ultra Clear - CM IR5","20","44","1","นา","🆕 ลูกค้าใหม่","","5/6/2569 11:00:45"
"MIS_260605-FB7","JOB-260604-C51","ประตูหน้า-ซ้าย","3M Ultra Clear - CM IR5","20","44","1","มาว","🆕 ลูกค้าใหม่","","5/6/2569 11:00:45"
"MIS_260605-DD4","JOB-260604-C51","ประตูหน้า-ขวา","3M Ultra Clear - CM IR5","20","44","1","พลอย","🆕 ลูกค้าใหม่","","5/6/2569 11:00:45"
"MIS_260605-0AF","JOB-260604-C51","ประตูหลัง-ซ้าย","3M Ultra Clear - CM IR5","18","60","1","มาว","🆕 ลูกค้าใหม่","","5/6/2569 11:00:45"
"MIS_260605-C93","JOB-260604-C51","ประตูหลัง-ขวา","3M Ultra Clear - CM IR5","","","","นัท","🆕 ลูกค้าใหม่","","5/6/2569 11:00:45"
"MIS_260605-049","JOB-260604-C51","บานฟิก-ซ้าย","3M Ultra Clear - CM IR5","","","","","🆕 ลูกค้าใหม่","","5/6/2569 11:00:45"
"MIS_260605-90A","JOB-260604-C51","บานฟิก-ขวา","3M Ultra Clear - CM IR5","","","","","🆕 ลูกค้าใหม่","","5/6/2569 11:00:45"
"MIS_260605-EC7","JOB-260604-09A","บานหน้า","3M Ceramate - CRM 15","34","60","1","วัล , นา","🆕 ลูกค้าใหม่","","5/6/2569 11:02:38"
"MIS_260605-292","JOB-260604-09A","บานหลัง","3M Ceramate - CRM 5","26","45","1","เอ","🆕 ลูกค้าใหม่","","5/6/2569 11:02:38"
"MIS_260605-1C4","JOB-260604-09A","ประตูหน้า-ซ้าย","3M Ceramate - CRM 5","17","45","1","มาว","🆕 ลูกค้าใหม่","","5/6/2569 11:02:38"
"MIS_260605-120","JOB-260604-09A","ประตูหน้า-ขวา","3M Ceramate - CRM 5","17","45","1","พลอย","🆕 ลูกค้าใหม่","","5/6/2569 11:02:38"
"MIS_260605-C89","JOB-260604-09A","ประตูหลัง-ซ้าย","3M Ceramate - CRM 5","20","40","1","ต้น","🆕 ลูกค้าใหม่","","5/6/2569 11:02:38"
"MIS_260605-DAE","JOB-260604-09A","ประตูหลัง-ขวา","3M Ceramate - CRM 5","20","35","1","นัท","🆕 ลูกค้าใหม่","","5/6/2569 11:02:38"
"MIS_260605-23C","JOB-260604-09A","บานฟิก-ซ้าย","3M Ceramate - CRM 5","","","","","🆕 ลูกค้าใหม่","","5/6/2569 11:02:38"
"MIS_260605-ABF","JOB-260604-09A","บานฟิก-ขวา","3M Ceramate - CRM 5","","","","","🆕 ลูกค้าใหม่","","5/6/2569 11:02:38"
"MIS_260605-357","JOB-260603-0CB","บานหน้า","3M Ceramate - CRM 15","34","60","1","ต้น","🆕 ลูกค้าใหม่","","5/6/2569 11:03:56"
"MIS_260605-CC1","JOB-260603-0CB","บานหลัง","3M Ceramate - CRM 5","20","40","1","สดใส","🆕 ลูกค้าใหม่","","5/6/2569 11:03:56"
"MIS_260605-03C","JOB-260603-0CB","ประตูหน้า-ซ้าย","3M Ceramate - CRM 5","20","40","1","เอ","🆕 ลูกค้าใหม่","","5/6/2569 11:03:56"
"MIS_260605-ACA","JOB-260603-0CB","ประตูหน้า-ขวา","3M Ceramate - CRM 5","20","40","1","นัท","🆕 ลูกค้าใหม่","","5/6/2569 11:03:56"
"MIS_260605-DC2","JOB-260603-0CB","ประตูหลัง-ซ้าย","3M Ceramate - CRM 5","20","35","1","เอ","🆕 ลูกค้าใหม่","","5/6/2569 11:03:56"
"MIS_260605-E04","JOB-260603-0CB","ประตูหลัง-ขวา","3M Ceramate - CRM 5","20","35","1","นัท","🆕 ลูกค้าใหม่","","5/6/2569 11:03:56"
"MIS_260605-14A","JOB-260603-0CB","บานฟิก-ซ้าย","3M Ceramate - CRM 5","15","60","1","","🆕 ลูกค้าใหม่","","5/6/2569 11:03:56"
"MIS_260605-2CE","JOB-260603-8CE","บานหน้า","Hi-Kool Beyond - BY20","33","60","1","วัล , นา","🆕 ลูกค้าใหม่","","5/6/2569 11:04:55"
"MIS_260605-BBC","JOB-260603-8CE","บานหลัง","Hi-Kool Beyond - BY05","28","45","1","สดใส","🆕 ลูกค้าใหม่","","5/6/2569 11:04:55"
"MIS_260605-BC2","JOB-260603-8CE","ประตูหน้า-ซ้าย","Hi-Kool Beyond - BY05","16","45","1","มาว","🆕 ลูกค้าใหม่","","5/6/2569 11:04:55"
"MIS_260605-225","JOB-260603-8CE","ประตูหน้า-ขวา","Hi-Kool Beyond - BY05","16","45","1","พลอย","🆕 ลูกค้าใหม่","","5/6/2569 11:04:55"
"MIS_260605-B64","JOB-260603-8CE","ประตูหลัง-ซ้าย","Hi-Kool Beyond - BY05","17","60","1","เอ","🆕 ลูกค้าใหม่","","5/6/2569 11:04:55"
"MIS_260605-88A","JOB-260603-8CE","ประตูหลัง-ขวา","Hi-Kool Beyond - BY05","","","","นัท","🆕 ลูกค้าใหม่","","5/6/2569 11:04:55"
"MIS_260605-765","JOB-260530-61D","บานหน้า","G-TEC - CM30","34","60","1","วัล , นา","🆕 ลูกค้าใหม่","","5/6/2569 11:05:58"
"MIS_260605-602","JOB-260530-61D","บานหลัง","G-TEC - CM20","20","45","1","สดใส","🆕 ลูกค้าใหม่","","5/6/2569 11:05:58"
"MIS_260605-6DB","JOB-260530-61D","ประตูหน้า-ซ้าย","G-TEC - CM20","20","45","1","มาว","🆕 ลูกค้าใหม่","","5/6/2569 11:05:58"
"MIS_260605-1D9","JOB-260530-61D","ประตูหน้า-ขวา","G-TEC - CM20","20","45","1","พลอย","🆕 ลูกค้าใหม่","","5/6/2569 11:05:58"
"MIS_260605-FB1","JOB-260530-61D","ประตูหลัง-ซ้าย","G-TEC - CM20","20","60","1","เอ","🆕 ลูกค้าใหม่","","5/6/2569 11:05:58"
"MIS_260605-42E","JOB-260530-61D","ประตูหลัง-ขวา","G-TEC - CM20","","","","นัท","🆕 ลูกค้าใหม่","","5/6/2569 11:05:58"
"MIS_260605-01A","JOB-260604-D32","บานหน้า","3M Absolute  - AS35","38","60","1","นา","🆕 ลูกค้าใหม่","","5/6/2569 11:07:25"
"MIS_260605-44E","JOB-260604-D32","บานหลัง","3M Absolute  - AS35","32","46","1","สดใส","🆕 ลูกค้าใหม่","","5/6/2569 11:07:25"
"MIS_260605-4A5","JOB-260604-D32","ประตูหน้า-ซ้าย","3M Absolute  - AS15","20","38","1","มาว","🆕 ลูกค้าใหม่","","5/6/2569 11:07:25"
"MIS_260605-2E3","JOB-260604-D32","ประตูหน้า-ขวา","3M Absolute  - AS15","20","38","1","พลอย","🆕 ลูกค้าใหม่","","5/6/2569 11:07:25"
"MIS_260605-005","JOB-260604-D32","ประตูหลัง-ซ้าย","3M Absolute  - AS15","20","41","1","ต้น","🆕 ลูกค้าใหม่","","5/6/2569 11:07:25"
"MIS_260605-478","JOB-260604-D32","ประตูหลัง-ขวา","3M Absolute  - AS15","20","41","1","พลอย","🆕 ลูกค้าใหม่","","5/6/2569 11:07:25"
"MIS_260605-C18","JOB-260604-D32","บานฟิก-ซ้าย","3M Absolute  - AS15","12","60","1","เอ","🆕 ลูกค้าใหม่","","5/6/2569 11:07:25"
"MIS_260605-11B","JOB-260604-D32","บานฟิก-ขวา","3M Absolute  - AS15","","","","","🆕 ลูกค้าใหม่","","5/6/2569 11:07:25"
"MIS_260605-E59","JOB-260602-457","ประตูหน้า-ซ้าย","3M Ultra Clear - CM IR15","20","35","1","","🛠 (ช่าง) เม็ดฝุ่น","","5/6/2569 11:27:22"
"MIS_260605-5B9","JOB-260602-7BB","ประตูหลัง-ขวา","Hi-Kool BA - BA60","20","45","1","นัท","🛠 (ช่าง) เม็ดฝุ่น","","5/6/2569 11:29:31"
"MIS_260605-FAE","JOB-260605-814","ประตูหน้า-ซ้าย","G-TEC - CM05","20","36","1","มาว","🛠 (ช่าง) รีดหัก","","5/6/2569 15:28:51"
"MIS_260605-611","JOB-260605-43D","ประตูหลัง-ซ้าย","Hi-Kool Beyond - BY30","33","42","1","เอ","🛠 (ช่าง) รีดเป็นรอย","","5/6/2569 15:29:23"
"MIS_260606-D15","JOB-260606-C5E","ประตูหน้า-ขวา","Hi-Kool CM - CM 20","20","35","1","เกิดจากฟิล์ม","🎞 (ฟิล์ม) ฟิล์มเป็นรอย","","6/6/2569 11:39:50"
"MIS_260606-9C2","JOB-260606-C66","ประตูหลัง-ซ้าย","3M Absolute  - AS5","18","26","1","เอ","🛠 (ช่าง) รีดหัก","","6/6/2569 14:00:49"
"MIS_260606-0E6","JOB-260604-1C1","บานหน้า","3M Ultra Clear - CM IR25","32","60","1","วัล , นา","🆕 ลูกค้าใหม่","","6/6/2569 14:52:56"
"MIS_260606-FD1","JOB-260604-1C1","บานหลัง","3M Ultra Clear - CM IR15","26","42","1","เอ","🆕 ลูกค้าใหม่","","6/6/2569 14:52:56"
"MIS_260606-746","JOB-260604-1C1","ประตูหน้า-ซ้าย","3M Ultra Clear - CM IR15","17","42","1","มาว","🆕 ลูกค้าใหม่","","6/6/2569 14:52:56"
"MIS_260606-03E","JOB-260604-1C1","ประตูหน้า-ขวา","3M Ultra Clear - CM IR15","17","42","1","พลอย","🆕 ลูกค้าใหม่","","6/6/2569 14:52:56"
"MIS_260606-AF0","JOB-260604-1C1","ประตูหลัง-ซ้าย","3M Ultra Clear - CM IR15","","","","ต้น","🆕 ลูกค้าใหม่","","6/6/2569 14:52:56"
"MIS_260606-192","JOB-260604-1C1","ประตูหลัง-ขวา","3M Ultra Clear - CM IR15","18","60","1","นัท","🆕 ลูกค้าใหม่","","6/6/2569 14:52:56"
"MIS_260606-3EB","JOB-260604-1C1","บานฟิก-ซ้าย","3M Ultra Clear - CM IR15","","","","","🆕 ลูกค้าใหม่","","6/6/2569 14:52:56"
"MIS_260606-DA2","JOB-260604-1C1","บานฟิก-ขวา","3M Ultra Clear - CM IR15","","","","","🆕 ลูกค้าใหม่","","6/6/2569 14:52:56"
"MIS_260606-076","JOB-260605-342","ประตูหน้า-ขวา","3M Ultra Clear - CM IR25","22","34","1","นัท","🆕 ลูกค้าใหม่","","6/6/2569 14:53:27"
"MIS_260606-486","JOB-260605-F59","บานหน้า","G-TEC - CM20","33","60","1","วัล , นา","🆕 ลูกค้าใหม่","","6/6/2569 14:54:49"
"MIS_260606-0DD","JOB-260605-F59","บานหลัง","G-TEC - CM15","26","44","1","ต้น","🆕 ลูกค้าใหม่","","6/6/2569 14:54:49"
"MIS_260606-8BD","JOB-260605-F59","ประตูหน้า-ซ้าย","G-TEC - CM05","20","36","1","นัท","🆕 ลูกค้าใหม่","","6/6/2569 14:54:49"
"MIS_260606-80C","JOB-260605-F59","ประตูหน้า-ขวา","G-TEC - CM05","20","36","1","พลอย","🆕 ลูกค้าใหม่","","6/6/2569 14:54:49"
"MIS_260606-856","JOB-260605-F59","ประตูหลัง-ซ้าย","G-TEC - CM05","20","60","1","เอ","🆕 ลูกค้าใหม่","","6/6/2569 14:54:49"
"MIS_260606-AC7","JOB-260605-F59","ประตูหลัง-ขวา","G-TEC - CM05","","","","นัท","🆕 ลูกค้าใหม่","","6/6/2569 14:54:49"
"MIS_260606-310","JOB-260602-69E","บานหน้า","Hi-Kool Beyond - BY30","32","60","1","วัล , นา","🆕 ลูกค้าใหม่","","6/6/2569 14:56:45"
"MIS_260606-56B","JOB-260602-69E","บานหลัง","Hi-Kool Beyond - BY30","20","42","1","สดใส","🆕 ลูกค้าใหม่","","6/6/2569 14:56:45"
"MIS_260606-A25","JOB-260602-69E","ประตูหน้า-ซ้าย","Hi-Kool Beyond - BY20","20","36","1","พลอย","🆕 ลูกค้าใหม่","","6/6/2569 14:56:45"
"MIS_260606-3EF","JOB-260602-69E","ประตูหน้า-ขวา","Hi-Kool Beyond - BY20","20","36","1","พลอย","🆕 ลูกค้าใหม่","","6/6/2569 14:56:45"
"MIS_260606-133","JOB-260602-69E","ประตูหลัง-ซ้าย","Hi-Kool Beyond - BY30","20","42","1","ต้น","🆕 ลูกค้าใหม่","","6/6/2569 14:56:45"
"MIS_260606-4E8","JOB-260602-69E","ประตูหลัง-ขวา","Hi-Kool Beyond - BY30","20","42","1","มาว","🆕 ลูกค้าใหม่","","6/6/2569 14:56:45"
"MIS_260606-4C3","JOB-260602-69E","บานฟิก-ซ้าย","Hi-Kool Beyond - BY30","","","","","🆕 ลูกค้าใหม่","","6/6/2569 14:56:45"
"MIS_260606-080","JOB-260602-69E","บานฟิก-ขวา","Hi-Kool Beyond - BY30","","","","","🆕 ลูกค้าใหม่","","6/6/2569 14:56:45"
"MIS_260606-8B5","JOB-260602-69E","ซันรูฟ-ช่อง1","Hi-Kool Beyond - BY30","30","31","1","นัท","🆕 ลูกค้าใหม่","","6/6/2569 14:56:45"
"MIS_260606-A10","JOB-260605-853","ประตูหน้า-ซ้าย","3M Ultra Clear - CM IR25","22","34","1","ต้น","🆕 ลูกค้าใหม่","","6/6/2569 14:57:14"
"MIS_260606-407","JOB-260605-853","ประตูหน้า-ขวา","3M Ultra Clear - CM IR25","22","34","1","นัท","🆕 ลูกค้าใหม่","","6/6/2569 14:57:14"
"MIS_260606-A50","JOB-260606-FAE","บานหน้า","3M Ultra Clear - CM IR25","40","60","1","วัล","🆕 ลูกค้าใหม่","","6/6/2569 16:50:12"
"MIS_260606-311","JOB-260605-587","บานหน้า","3M Absolute  - AS35","35","60","1","วัล , นา","🆕 ลูกค้าใหม่","","6/6/2569 16:51:34"
"MIS_260606-6B9","JOB-260605-7D4","บานหน้า","Hi-Kool Beyond - BY20","33","60","1","วัล , นา","🆕 ลูกค้าใหม่","","6/6/2569 16:53:08"
"MIS_260606-CA9","JOB-260605-7D4","บานหลัง","Hi-Kool Beyond - BY05","26","45","1","ต้น","🆕 ลูกค้าใหม่","","6/6/2569 16:53:08"
"MIS_260606-92E","JOB-260605-7D4","ประตูหน้า-ซ้าย","Hi-Kool Beyond - BY15","20","38","1","มาว","🆕 ลูกค้าใหม่","","6/6/2569 16:53:08"
"MIS_260606-CAD","JOB-260605-7D4","ประตูหน้า-ขวา","Hi-Kool Beyond - BY15","20","38","1","พลอย","🆕 ลูกค้าใหม่","","6/6/2569 16:53:08"
"MIS_260606-D62","JOB-260605-7D4","ประตูหลัง-ซ้าย","Hi-Kool Beyond - BY05","17","45","1","เอ","🆕 ลูกค้าใหม่","","6/6/2569 16:53:08"
"MIS_260606-482","JOB-260605-7D4","ประตูหลัง-ขวา","Hi-Kool Beyond - BY05","17","45","1","นัท","🆕 ลูกค้าใหม่","","6/6/2569 16:53:08"
"MIS_260606-F81","JOB-260528-37C","บานหน้า","Hi-Kool Beyond - BY20","34","60","1","วัล , นา","🆕 ลูกค้าใหม่","","6/6/2569 16:55:00"
"MIS_260606-1B8","JOB-260528-37C","บานหลัง","Hi-Kool Beyond - BY20","20","49","1","สดใส","🆕 ลูกค้าใหม่","","6/6/2569 16:55:00"
"MIS_260606-5A2","JOB-260528-37C","ประตูหน้า-ซ้าย","Hi-Kool Beyond - BY20","20","49","1","มาว","🆕 ลูกค้าใหม่","","6/6/2569 16:55:00"
"MIS_260606-B8C","JOB-260528-37C","ประตูหน้า-ขวา","Hi-Kool Beyond - BY20","20","49","1","พลอย","🆕 ลูกค้าใหม่","","6/6/2569 16:55:00"
"MIS_260606-6E8","JOB-260528-37C","ประตูหลัง-ซ้าย","Hi-Kool Beyond - BY20","20","36","1","เอ","🆕 ลูกค้าใหม่","","6/6/2569 16:55:00"
"MIS_260606-97E","JOB-260528-37C","ประตูหลัง-ขวา","Hi-Kool Beyond - BY20","20","35","1","นัท","🆕 ลูกค้าใหม่","","6/6/2569 16:55:00"
"MIS_260606-848","JOB-260528-37C","บานฟิก-ซ้าย","Hi-Kool Beyond - BY20","15","60","1","นัท","🆕 ลูกค้าใหม่","","6/6/2569 16:55:00"
"MIS_260608-CB8","JOB-260606-4C4","บานหน้า","3M Absolute  - AS35","31","60","1","วัล , นา","🆕 ลูกค้าใหม่","","8/6/2569 8:15:47"
"MIS_260608-23B","JOB-260606-4C4","บานหลัง","3M Absolute  - AS5","25","60","1","ต้น","🆕 ลูกค้าใหม่","","8/6/2569 8:15:47"
"MIS_260608-CCE","JOB-260606-4C4","ประตูหน้า-ซ้าย","3M Absolute  - AS15","20","40","1","มาว","🆕 ลูกค้าใหม่","","8/6/2569 8:15:47"
"MIS_260608-D26","JOB-260606-4C4","ประตูหน้า-ขวา","3M Absolute  - AS15","20","40","1","พลอย","🆕 ลูกค้าใหม่","","8/6/2569 8:15:47"
"MIS_260608-009","JOB-260606-4C4","ประตูหลัง-ซ้าย","3M Absolute  - AS5","","","","เอ","🆕 ลูกค้าใหม่","","8/6/2569 8:15:47"
"MIS_260608-A14","JOB-260606-4C4","ประตูหลัง-ขวา","3M Absolute  - AS5","20","33","1","นัท","🆕 ลูกค้าใหม่","","8/6/2569 8:15:47"
"MIS_260608-8A6","JOB-260606-4C4","บานฟิก-ซ้าย","3M Absolute  - AS5","20","32","1","","🆕 ลูกค้าใหม่","","8/6/2569 8:15:47"
"MIS_260608-7A9","JOB-260606-4C4","บานฟิก-ขวา","3M Absolute  - AS5","11","60","1","","🆕 ลูกค้าใหม่","","8/6/2569 8:15:47"
"MIS_260608-765","JOB-260530-2A0","บานหน้า","3M Ceramate - CRM 35","32","60","1","นา","🆕 ลูกค้าใหม่","","8/6/2569 8:17:13"
"MIS_260608-6A5","JOB-260530-2A0","บานหลัง","3M Ceramate - CRM 15","20","42","1","สดใส","🆕 ลูกค้าใหม่","","8/6/2569 8:17:13"
"MIS_260608-56F","JOB-260530-2A0","ประตูหน้า-ซ้าย","3M Ceramate - CRM 15","20","42","1","มาว","🆕 ลูกค้าใหม่","","8/6/2569 8:17:13"
"MIS_260608-768","JOB-260530-2A0","ประตูหน้า-ขวา","3M Ceramate - CRM 15","20","42","1","นัท","🆕 ลูกค้าใหม่","","8/6/2569 8:17:13"
"MIS_260608-D98","JOB-260530-2A0","ประตูหลัง-ซ้าย","3M Ceramate - CRM 15","20","42","1","เอ","🆕 ลูกค้าใหม่","","8/6/2569 8:17:13"
"MIS_260608-E40","JOB-260530-2A0","ประตูหลัง-ขวา","3M Ceramate - CRM 15","20","33","1","พลอย","🆕 ลูกค้าใหม่","","8/6/2569 8:17:13"
"MIS_260608-4BE","JOB-260530-2A0","บานฟิก-ซ้าย","3M Ceramate - CRM 15","33","37","1","","🆕 ลูกค้าใหม่","","8/6/2569 8:17:13"
"MIS_260608-A93","JOB-260606-46F","บานหน้า","3M Ultra Clear - CM IR25","32","60","1","นัท , ต้น","🆕 ลูกค้าใหม่","","8/6/2569 8:18:25"
"MIS_260608-E06","JOB-260606-46F","บานหลัง","3M Ultra Clear - CM IR15","26","41","1","ต้น","🆕 ลูกค้าใหม่","","8/6/2569 8:18:25"
"MIS_260608-BD9","JOB-260606-46F","ประตูหน้า-ซ้าย","3M Ultra Clear - CM IR5","20","38","1","มาว","🆕 ลูกค้าใหม่","","8/6/2569 8:18:25"
"MIS_260608-DC7","JOB-260606-46F","ประตูหน้า-ขวา","3M Ultra Clear - CM IR5","20","38","1","นัท","🆕 ลูกค้าใหม่","","8/6/2569 8:18:25"
"MIS_260608-295","JOB-260606-46F","ประตูหลัง-ซ้าย","3M Ultra Clear - CM IR5","18","60","1","เอ","🆕 ลูกค้าใหม่","","8/6/2569 8:18:25"
"MIS_260608-6BD","JOB-260606-46F","ประตูหลัง-ขวา","3M Ultra Clear - CM IR5","","","","พลอย","🆕 ลูกค้าใหม่","","8/6/2569 8:18:25"
"MIS_260608-E2D","JOB-260606-724","บานหน้า","Hi-Kool CM - CM 35","31","60","1","วัล , นา","🆕 ลูกค้าใหม่","","8/6/2569 8:20:17"
"MIS_260608-E52","JOB-260606-724","บานหลัง","Hi-Kool CM - CM 05","20","36","1","สดใส","🆕 ลูกค้าใหม่","","8/6/2569 8:20:17"
"MIS_260608-B0B","JOB-260606-724","ประตูหน้า-ซ้าย","Hi-Kool CM - CM 20","20","35","1","มาว","🆕 ลูกค้าใหม่","","8/6/2569 8:20:17"
"MIS_260608-EA6","JOB-260606-724","ประตูหน้า-ขวา","Hi-Kool CM - CM 20","20","35","1","นัท","🆕 ลูกค้าใหม่","","8/6/2569 8:20:17"
"MIS_260608-3F6","JOB-260606-724","ประตูหลัง-ซ้าย","Hi-Kool CM - CM 05","20","35","1","เอ","🆕 ลูกค้าใหม่","","8/6/2569 8:20:17"
"MIS_260608-B88","JOB-260606-724","ประตูหลัง-ขวา","Hi-Kool CM - CM 05","20","36","1","นัท","🆕 ลูกค้าใหม่","","8/6/2569 8:20:17"
"MIS_260608-8E2","JOB-260606-724","บานฟิก-ซ้าย","Hi-Kool CM - CM 05","20","36","1","","🆕 ลูกค้าใหม่","","8/6/2569 8:20:17"
"MIS_260608-74D","JOB-260606-724","บานฟิก-ขวา","Hi-Kool CM - CM 05","11","60","1","","🆕 ลูกค้าใหม่","","8/6/2569 8:20:17"
"MIS_260608-D3E","JOB-260603-90F","บานหน้า","G-TEC - CM30","36","60","1","วัล , นา","🆕 ลูกค้าใหม่","","8/6/2569 8:21:25"
"MIS_260608-C77","JOB-260603-90F","บานหลัง","G-TEC - CM20","28","44","1","ต้น","🆕 ลูกค้าใหม่","","8/6/2569 8:21:25"
"MIS_260608-9A7","JOB-260603-90F","ประตูหน้า-ซ้าย","G-TEC - CM15","20","37","1","มาว","🆕 ลูกค้าใหม่","","8/6/2569 8:21:25"
"MIS_260608-809","JOB-260603-90F","ประตูหน้า-ขวา","G-TEC - CM15","20","37","1","มาว","🆕 ลูกค้าใหม่","","8/6/2569 8:21:25"
"MIS_260608-518","JOB-260603-90F","ประตูหลัง-ซ้าย","G-TEC - CM15","18","60","1","เอ","🆕 ลูกค้าใหม่","","8/6/2569 8:21:25"
"MIS_260608-31D","JOB-260603-90F","ประตูหลัง-ขวา","G-TEC - CM15","","","","พลอย","🆕 ลูกค้าใหม่","","8/6/2569 8:21:25"
"MIS_260610-DB4","JOB-260609-87A","ประตูหน้า-ซ้าย","G-TEC - CM20","20","35","1","นา","🆕 ลูกค้าใหม่","","10/6/2569 8:48:57"
"MIS_260610-5E7","JOB-260609-87A","ประตูหน้า-ขวา","G-TEC - CM20","20","35","1","นัท","🆕 ลูกค้าใหม่","","10/6/2569 8:48:57"
"MIS_260610-A00","JOB-260608-68D","บานหน้า","Hi-Kool CM - CM 35","32","60","1","วัล , นา","🆕 ลูกค้าใหม่","","10/6/2569 8:50:25"
"MIS_260610-A5C","JOB-260608-68D","บานหลัง","Hi-Kool CM - CM 20","31","50","1","ต้น","🆕 ลูกค้าใหม่","","10/6/2569 8:50:25"
"MIS_260610-756","JOB-260608-68D","ประตูหน้า-ซ้าย","Hi-Kool CM - CM 20","29","50","1","มาว","🆕 ลูกค้าใหม่","","10/6/2569 8:50:25"
"MIS_260610-738","JOB-260608-68D","ประตูหน้า-ขวา","Hi-Kool CM - CM 20","","","","นัท","🆕 ลูกค้าใหม่","","10/6/2569 8:50:25"
"MIS_260610-570","JOB-260608-68D","ประตูหลัง-ซ้าย","Hi-Kool CM - CM 20","32","44","1","เอ","🆕 ลูกค้าใหม่","","10/6/2569 8:50:25"
"MIS_260610-F2F","JOB-260608-68D","ประตูหลัง-ขวา","Hi-Kool CM - CM 20","","","","พลอย","🆕 ลูกค้าใหม่","","10/6/2569 8:50:25"
"MIS_260610-BD5","JOB-260606-E95","บานหน้า","Hi-Kool CM - CM 35","37","60","1","วัล , นา","🆕 ลูกค้าใหม่","","10/6/2569 8:51:55"
"MIS_260610-ABA","JOB-260606-E95","บานหลัง","Hi-Kool CM - CM 20","28","45","1","สดใส","🆕 ลูกค้าใหม่","","10/6/2569 8:51:55"
"MIS_260610-A02","JOB-260606-E95","ประตูหน้า-ซ้าย","Hi-Kool CM - CM 20","16","45","1","มาว","🆕 ลูกค้าใหม่","","10/6/2569 8:51:55"
"MIS_260610-597","JOB-260606-E95","ประตูหน้า-ขวา","Hi-Kool CM - CM 20","16","45","1","นัท","🆕 ลูกค้าใหม่","","10/6/2569 8:51:55"
"MIS_260610-2E5","JOB-260606-E95","ประตูหลัง-ซ้าย","Hi-Kool CM - CM 20","17","60","1","เอ","🆕 ลูกค้าใหม่","","10/6/2569 8:51:55"
"MIS_260610-C7C","JOB-260606-E95","ประตูหลัง-ขวา","Hi-Kool CM - CM 20","","","","พลอย","🆕 ลูกค้าใหม่","","10/6/2569 8:51:55"
"MIS_260610-ECE","JOB-260606-0C4","บานหน้า","G-TEC - CM20","35","60","1","วัล , นา","🆕 ลูกค้าใหม่","","10/6/2569 8:53:09"
"MIS_260610-254","JOB-260606-0C4","บานหลัง","G-TEC - CM15","26","48","1","ต้น","🆕 ลูกค้าใหม่","","10/6/2569 8:53:09"
"MIS_260610-A0D","JOB-260606-0C4","ประตูหน้า-ซ้าย","G-TEC - CM15","17","48","1","มาว","🆕 ลูกค้าใหม่","","10/6/2569 8:53:09"
"MIS_260610-B0D","JOB-260606-0C4","ประตูหน้า-ขวา","G-TEC - CM15","17","48","1","พลอย","🆕 ลูกค้าใหม่","","10/6/2569 8:53:09"
"MIS_260610-533","JOB-260606-0C4","ประตูหลัง-ซ้าย","G-TEC - CM15","","","","เอ","🆕 ลูกค้าใหม่","","10/6/2569 8:53:09"
"MIS_260610-25F","JOB-260606-0C4","ประตูหลัง-ขวา","G-TEC - CM15","18","60","1","นัท","🆕 ลูกค้าใหม่","","10/6/2569 8:53:09"
"MIS_260610-76B","JOB-260605-7E2","บานหน้า","3M Ultra Clear - CM IR15","35","60","1","วัล , นา","🆕 ลูกค้าใหม่","","10/6/2569 8:54:18"
"MIS_260610-D8A","JOB-260605-7E2","บานหลัง","3M Ultra Clear - CM IR5","28","45","1","สดใส","🆕 ลูกค้าใหม่","","10/6/2569 8:54:18"
"MIS_260610-7D2","JOB-260605-7E2","ประตูหน้า-ซ้าย","3M Ultra Clear - CM IR5","17","45","1","มาว","🆕 ลูกค้าใหม่","","10/6/2569 8:54:18"
"MIS_260610-EA9","JOB-260605-7E2","ประตูหน้า-ขวา","3M Ultra Clear - CM IR5","17","45","1","นัท","🆕 ลูกค้าใหม่","","10/6/2569 8:54:18"
"MIS_260610-2CA","JOB-260605-7E2","ประตูหลัง-ซ้าย","3M Ultra Clear - CM IR5","","","","เอ","🆕 ลูกค้าใหม่","","10/6/2569 8:54:18"
"MIS_260610-291","JOB-260605-7E2","ประตูหลัง-ขวา","3M Ultra Clear - CM IR5","18","60","1","พลอย","🆕 ลูกค้าใหม่","","10/6/2569 8:54:18"
"MIS_260610-2A7","JOB-260605-EEE","บานหน้า","3M Ceramate - CRM 35","34","60","1","วัล , นา","🆕 ลูกค้าใหม่","","10/6/2569 8:56:39"
"MIS_260610-33A","JOB-260605-EEE","บานหลัง","3M Ceramate - CRM 15","32","50","1","ต้น","🆕 ลูกค้าใหม่","","10/6/2569 8:56:39"
"MIS_260610-A9C","JOB-260605-EEE","ประตูหน้า-ซ้าย","3M Ceramate - CRM 15","28","50","1","มาว","🆕 ลูกค้าใหม่","","10/6/2569 8:56:39"
"MIS_260610-A4D","JOB-260605-EEE","ประตูหน้า-ขวา","3M Ceramate - CRM 15","","","","นัท","🆕 ลูกค้าใหม่","","10/6/2569 8:56:39"
"MIS_260610-D03","JOB-260605-EEE","ประตูหลัง-ซ้าย","3M Ceramate - CRM 15","18","60","1","เอ","🆕 ลูกค้าใหม่","","10/6/2569 8:56:39"
"MIS_260610-33B","JOB-260605-EEE","ประตูหลัง-ขวา","3M Ceramate - CRM 15","","","","พลอย","🆕 ลูกค้าใหม่","","10/6/2569 8:56:39"
"MIS_260611-09A","JOB-260518-71A","บานหน้า","3M Ultra Clear - CM IR35","32","60","1","เกิดจากฟิล์ม","🎞 (ฟิล์ม) ฟิล์มเป็นคลื่น","","11/6/2569 8:56:33"
"MIS_260611-628","JOB-260521-C03","บานหน้า","G-TEC - CM15","36","60","1","เกิดจากฟิล์ม","🎞 (ฟิล์ม) ฟิล์มเป็นคลื่น","","11/6/2569 8:57:46"
"MIS_260611-913","JOB-260520-170","บานหลัง","3M Ceramate - CRM 5","26","42","1","เกิดจากฟิล์ม","🎞 (ฟิล์ม) ฟิล์มร่อน","","11/6/2569 9:00:09"
"MIS_260611-7BD","JOB-260518-F05","บานหน้า","Hi-Kool CM - CM 35","20","60","1","วัล","🆕 ลูกค้าใหม่","","11/6/2569 11:07:26"
"MIS_260611-4D7","JOB-260518-F05","บานหลัง","Hi-Kool CM - CM 20","20","49","1","สดใส","🆕 ลูกค้าใหม่","","11/6/2569 11:07:26"
"MIS_260611-DF8","JOB-260518-F05","ประตูหน้า-ซ้าย","Hi-Kool CM - CM 35","20","35","1","มาว","🆕 ลูกค้าใหม่","","11/6/2569 11:07:26"
"MIS_260611-256","JOB-260518-F05","ประตูหน้า-ขวา","Hi-Kool CM - CM 35","20","35","1","พลอย","🆕 ลูกค้าใหม่","","11/6/2569 11:07:26"
"MIS_260611-8ED","JOB-260518-F05","ประตูหลัง-ซ้าย","Hi-Kool CM - CM 20","20","49","1","เอ","🆕 ลูกค้าใหม่","","11/6/2569 11:07:26"
"MIS_260611-98E","JOB-260518-F05","ประตูหลัง-ขวา","Hi-Kool CM - CM 20","20","49","1","นัท","🆕 ลูกค้าใหม่","","11/6/2569 11:07:26"
"MIS_260611-52B","JOB-260518-F05","บานฟิก-ซ้าย","Hi-Kool CM - CM 20","15","60","1","นา","🆕 ลูกค้าใหม่","","11/6/2569 11:07:26"
"MIS_260611-19D","JOB-260518-F05","บานฟิก-ขวา","Hi-Kool CM - CM 20","","","","","🆕 ลูกค้าใหม่","","11/6/2569 11:07:26"
"MIS_260611-44A","JOB-260518-786","บานหน้า","3M Absolute  - AS15","29","60","1","ต้น","🆕 ลูกค้าใหม่","","11/6/2569 11:09:12"
"MIS_260611-BFA","JOB-260518-786","บานหลัง","3M Absolute  - AS5","20","46","1","นา","🆕 ลูกค้าใหม่","","11/6/2569 11:09:12"
"MIS_260611-740","JOB-260518-786","ประตูหน้า-ซ้าย","3M Absolute  - AS5","20","46","1","มาว","🆕 ลูกค้าใหม่","","11/6/2569 11:09:12"
"MIS_260611-3C2","JOB-260518-786","ประตูหน้า-ขวา","3M Absolute  - AS5","20","46","1","พลอย","🆕 ลูกค้าใหม่","","11/6/2569 11:09:12"
"MIS_260611-AE7","JOB-260518-786","ประตูหลัง-ซ้าย","3M Absolute  - AS5","20","60","1","เอ","🆕 ลูกค้าใหม่","","11/6/2569 11:09:12"
"MIS_260611-D00","JOB-260518-786","ประตูหลัง-ขวา","3M Absolute  - AS5","","","","นัท","🆕 ลูกค้าใหม่","","11/6/2569 11:09:12"
"MIS_260611-57A","JOB-260518-786","บานฟิก-ซ้าย","3M Absolute  - AS5","11","60","1","","🆕 ลูกค้าใหม่","","11/6/2569 11:09:12"
"MIS_260611-B84","JOB-260518-195","บานหน้า","Hi-Kool Beyond - BY30","30","60","1","วัล","🆕 ลูกค้าใหม่","","11/6/2569 11:11:06"
"MIS_260611-F34","JOB-260518-195","บานหลัง","Hi-Kool Beyond - BY20","29","50","1","นา","🆕 ลูกค้าใหม่","","11/6/2569 11:11:06"
"MIS_260611-7BC","JOB-260518-195","ประตูหน้า-ซ้าย","Hi-Kool Beyond - BY20","30","50","1","เอ","🆕 ลูกค้าใหม่","","11/6/2569 11:11:06"
"MIS_260611-B81","JOB-260518-195","ประตูหน้า-ขวา","Hi-Kool Beyond - BY20","20","33","1","นัท","🆕 ลูกค้าใหม่","","11/6/2569 11:11:06"
"MIS_260611-553","JOB-260518-195","ประตูหลัง-ซ้าย","Hi-Kool Beyond - BY20","","","","เอ","🆕 ลูกค้าใหม่","","11/6/2569 11:11:06"
"MIS_260611-E9D","JOB-260518-195","ประตูหลัง-ขวา","Hi-Kool Beyond - BY20","20","33","1","นัท","🆕 ลูกค้าใหม่","","11/6/2569 11:11:06"
"MIS_260611-C37","JOB-260518-195","บานฟิก-ซ้าย","Hi-Kool Beyond - BY20","","","","","🆕 ลูกค้าใหม่","","11/6/2569 11:11:06"
"MIS_260611-814","JOB-260518-297","บานหน้า","3M Absolute  - AS15","34","60","1","วัล","🆕 ลูกค้าใหม่","","11/6/2569 11:12:35"
"MIS_260611-F3A","JOB-260518-297","บานหลัง","3M Absolute  - AS5","26","45","1","เอ","🆕 ลูกค้าใหม่","","11/6/2569 11:12:35"
"MIS_260611-67C","JOB-260518-297","ประตูหน้า-ซ้าย","3M Absolute  - AS5","17","45","1","มาว","🆕 ลูกค้าใหม่","","11/6/2569 11:12:35"
"MIS_260611-D0D","JOB-260518-297","ประตูหน้า-ขวา","3M Absolute  - AS5","17","45","1","พลอย","🆕 ลูกค้าใหม่","","11/6/2569 11:12:35"
"MIS_260611-B7F","JOB-260518-297","ประตูหลัง-ซ้าย","3M Absolute  - AS5","18","60","1","เอ","🆕 ลูกค้าใหม่","","11/6/2569 11:12:35"
"MIS_260611-51C","JOB-260518-297","ประตูหลัง-ขวา","3M Absolute  - AS5","","","","นัท","🆕 ลูกค้าใหม่","","11/6/2569 11:12:35"
"MIS_260611-A32","JOB-260518-297","บานฟิก-ซ้าย","3M Absolute  - AS5","","","","","🆕 ลูกค้าใหม่","","11/6/2569 11:12:35"
"MIS_260611-3BA","JOB-260518-3D0","บานหน้า","IZY-KOOL ORIGINAL - IZY-KOOL Ceramic - IZY 35","34","60","1","ต้น","🆕 ลูกค้าใหม่","","11/6/2569 11:14:48"
"MIS_260611-6AB","JOB-260518-3D0","บานหลัง","IZY-KOOL ORIGINAL - IZY-KOOL Ceramic - IZY 20","20","45","1","สดใส","🆕 ลูกค้าใหม่","","11/6/2569 11:14:48"
"MIS_260611-B61","JOB-260518-3D0","ประตูหน้า-ซ้าย","IZY-KOOL ORIGINAL - IZY-KOOL Ceramic - IZY 20","20","45","1","มาว","🆕 ลูกค้าใหม่","","11/6/2569 11:14:48"
"MIS_260611-84C","JOB-260518-3D0","ประตูหน้า-ขวา","IZY-KOOL ORIGINAL - IZY-KOOL Ceramic - IZY 20","20","45","1","พลอย","🆕 ลูกค้าใหม่","","11/6/2569 11:14:48"
"MIS_260611-147","JOB-260518-3D0","ประตูหลัง-ซ้าย","IZY-KOOL ORIGINAL - IZY-KOOL Ceramic - IZY 20","20","60","1","เอ","🆕 ลูกค้าใหม่","","11/6/2569 11:14:48"
"MIS_260611-32D","JOB-260518-3D0","ประตูหลัง-ขวา","IZY-KOOL ORIGINAL - IZY-KOOL Ceramic - IZY 20","","","","มาว","🆕 ลูกค้าใหม่","","11/6/2569 11:14:48"
"MIS_260611-D93","JOB-260518-3D0","บานฟิก-ซ้าย","IZY-KOOL ORIGINAL - IZY-KOOL Ceramic - IZY 20","12","60","1","","🆕 ลูกค้าใหม่","","11/6/2569 11:14:48"
"MIS_260611-D89","JOB-260518-3D0","บานฟิก-ขวา","IZY-KOOL ORIGINAL - IZY-KOOL Ceramic - IZY 20","","","","","🆕 ลูกค้าใหม่","","11/6/2569 11:14:48"
"MIS_260611-E97","JOB-260518-ED4","บานหน้า","","35","60","1","วัล","🆕 ลูกค้าใหม่","","11/6/2569 11:16:44"
"MIS_260611-E72","JOB-260518-ED4","บานหลัง","","20","45","1","สดใส","🆕 ลูกค้าใหม่","","11/6/2569 11:16:44"
"MIS_260611-87F","JOB-260518-ED4","ประตูหน้า-ซ้าย","","20","45","1","มาว","🆕 ลูกค้าใหม่","","11/6/2569 11:16:44"
"MIS_260611-CA3","JOB-260518-ED4","ประตูหน้า-ขวา","","20","45","1","พลอย","🆕 ลูกค้าใหม่","","11/6/2569 11:16:44"
"MIS_260611-4BB","JOB-260518-ED4","ประตูหลัง-ซ้าย","","20","33","1","เอ","🆕 ลูกค้าใหม่","","11/6/2569 11:16:44"
"MIS_260611-D3F","JOB-260518-ED4","ประตูหลัง-ขวา","","20","33","1","นัท","🆕 ลูกค้าใหม่","","11/6/2569 11:16:44"
"MIS_260611-E36","JOB-260518-ED4","บานฟิก-ซ้าย","","","","","","🆕 ลูกค้าใหม่","","11/6/2569 11:16:44"
"MIS_260611-0CB","JOB-260518-F77","บานหน้า","","34","60","1","ต้น","🆕 ลูกค้าใหม่","","11/6/2569 11:19:18"
"MIS_260611-3A1","JOB-260518-F77","บานหลัง","","20","41","1","สดใส","🆕 ลูกค้าใหม่","","11/6/2569 11:19:18"
"MIS_260611-2ED","JOB-260518-F77","ประตูหน้า-ซ้าย","","20","41","1","มาว","🆕 ลูกค้าใหม่","","11/6/2569 11:19:18"
"MIS_260611-739","JOB-260518-F77","ประตูหน้า-ขวา","","20","41","1","พลอย","🆕 ลูกค้าใหม่","","11/6/2569 11:19:18"
"MIS_260611-56C","JOB-260518-F77","ประตูหลัง-ซ้าย","","20","35","1","นัท","🆕 ลูกค้าใหม่","","11/6/2569 11:19:18"
"MIS_260611-F24","JOB-260518-F77","ประตูหลัง-ขวา","","20","35","1","พลอย","🆕 ลูกค้าใหม่","","11/6/2569 11:19:18"
"MIS_260611-10A","JOB-260518-F77","บานฟิก-ซ้าย","","19","60","1","เอ","🆕 ลูกค้าใหม่","","11/6/2569 11:19:18"
"MIS_260611-2F8","JOB-260518-67E","บานหน้า","","32","60","1","ต้น","🆕 ลูกค้าใหม่","","11/6/2569 11:21:26"
"MIS_260611-6EF","JOB-260518-67E","บานหลัง","","29","48","1","นา","🆕 ลูกค้าใหม่","","11/6/2569 11:21:26"
"MIS_260611-6E8","JOB-260518-67E","ประตูหน้า-ซ้าย","","31","48","1","มาว","🆕 ลูกค้าใหม่","","11/6/2569 11:21:26"
"MIS_260611-364","JOB-260518-67E","ประตูหน้า-ขวา","","","","","นัท","🆕 ลูกค้าใหม่","","11/6/2569 11:21:26"
"MIS_260611-E5A","JOB-260518-67E","ประตูหลัง-ซ้าย","","20","38","1","มาว","🆕 ลูกค้าใหม่","","11/6/2569 11:21:26"
"MIS_260611-228","JOB-260518-67E","ประตูหลัง-ขวา","","20","33","1","นัท","🆕 ลูกค้าใหม่","","11/6/2569 11:21:26"
"MIS_260611-636","JOB-260518-67E","บานฟิก-ซ้าย","","","","","","🆕 ลูกค้าใหม่","","11/6/2569 11:21:26"
"MIS_260611-FBD","JOB-260518-91B","บานหน้า","","31","60","1","","🆕 ลูกค้าใหม่","","11/6/2569 11:23:05"
"MIS_260611-CC7","JOB-260518-91B","บานหลัง","","26","41","1","","🆕 ลูกค้าใหม่","","11/6/2569 11:23:05"
"MIS_260611-DCB","JOB-260518-91B","ประตูหน้า-ซ้าย","","17","41","1","","🆕 ลูกค้าใหม่","","11/6/2569 11:23:05"
"MIS_260611-1D0","JOB-260518-91B","ประตูหน้า-ขวา","","17","41","1","","🆕 ลูกค้าใหม่","","11/6/2569 11:23:05"
"MIS_260611-4AA","JOB-260518-91B","ประตูหลัง-ซ้าย","","18","60","1","","🆕 ลูกค้าใหม่","","11/6/2569 11:23:05"
"MIS_260611-D11","JOB-260518-91B","ประตูหลัง-ขวา","","","","","","🆕 ลูกค้าใหม่","","11/6/2569 11:23:05"
"MIS_260611-10C","JOB-260518-159","บานหน้า","3M Absolute  - AS15","29","60","1","","🎞 (ฟิล์ม) ฟิล์มเป็นรอย","","11/6/2569 11:25:41"
"MIS_260611-F6E","JOB-260519-56C","บานหน้า","3M Ultra Clear - CM IR35","31","62","1","วัล","🆕 ลูกค้าใหม่","","11/6/2569 11:28:18"
"MIS_260611-CA2","JOB-260519-56C","บานหลัง","3M Ultra Clear - CM IR25","25","47","1","นา","🆕 ลูกค้าใหม่","","11/6/2569 11:28:18"
"MIS_260611-BA4","JOB-260519-56C","ประตูหน้า-ซ้าย","3M Ultra Clear - CM IR25","17.5","47","1","วัล","🆕 ลูกค้าใหม่","","11/6/2569 11:28:18"
"MIS_260611-AC4","JOB-260519-56C","ประตูหน้า-ขวา","3M Ultra Clear - CM IR25","17.5","47","1","นัท","🆕 ลูกค้าใหม่","","11/6/2569 11:28:18"
"MIS_260611-05E","JOB-260519-56C","ประตูหลัง-ซ้าย","3M Ultra Clear - CM IR25","","","","นัท","🆕 ลูกค้าใหม่","","11/6/2569 11:28:18"
"MIS_260611-A11","JOB-260519-56C","ประตูหลัง-ขวา","3M Ultra Clear - CM IR25","18","60","1","นัท","🆕 ลูกค้าใหม่","","11/6/2569 11:28:18"
"MIS_260611-4F1","JOB-260519-56C","บานฟิก-ซ้าย","3M Ultra Clear - CM IR25","","","","","🆕 ลูกค้าใหม่","","11/6/2569 11:28:18"
"MIS_260611-685","JOB-260519-56C","บานฟิก-ขวา","3M Ultra Clear - CM IR25","","","","","🆕 ลูกค้าใหม่","","11/6/2569 11:28:18"
"MIS_260611-CB5","JOB-260519-56C","ซันรูฟ-ช่อง1","3M Ultra Clear - CM IR5","20","31","1","","🆕 ลูกค้าใหม่","","11/6/2569 11:28:18"
"MIS_260611-366","JOB-260519-B35","บานหน้า","3M Ceramate - CRM 35","32","60","1","ต้น","🆕 ลูกค้าใหม่","","11/6/2569 11:30:04"
"MIS_260611-8F9","JOB-260519-B35","บานหลัง","3M Ceramate - CRM 15","30","50","1","ต้น , สดใส","🆕 ลูกค้าใหม่","","11/6/2569 11:30:04"
"MIS_260611-DAD","JOB-260519-B35","ประตูหน้า-ซ้าย","3M Ceramate - CRM 15","30","50","1","มาว","🆕 ลูกค้าใหม่","","11/6/2569 11:30:04"
"MIS_260611-CE1","JOB-260519-B35","ประตูหน้า-ขวา","3M Ceramate - CRM 15","","","","พลอย","🆕 ลูกค้าใหม่","","11/6/2569 11:30:04"
"MIS_260611-79A","JOB-260519-B35","ประตูหลัง-ซ้าย","3M Ceramate - CRM 15","18","60","1","มาว","🆕 ลูกค้าใหม่","","11/6/2569 11:30:04"
"MIS_260611-FE7","JOB-260519-B35","ประตูหลัง-ขวา","3M Ceramate - CRM 15","","","","พลอย","🆕 ลูกค้าใหม่","","11/6/2569 11:30:04"
"MIS_260611-0B2","JOB-260519-B35","บานฟิก-ซ้าย","3M Ceramate - CRM 15","","","","","🆕 ลูกค้าใหม่","","11/6/2569 11:30:04"
"MIS_260611-195","JOB-260519-B72","บานหน้า","","36","55","1","ต้น","🆕 ลูกค้าใหม่","","11/6/2569 11:32:04"
"MIS_260611-209","JOB-260519-B72","บานหลัง","","28","60","1","นา","🆕 ลูกค้าใหม่","","11/6/2569 11:32:04"
"MIS_260611-4E7","JOB-260519-B72","ประตูหน้า-ซ้าย","","23","50","1","นัท","🆕 ลูกค้าใหม่","","11/6/2569 11:32:04"
"MIS_260611-98B","JOB-260519-B72","ประตูหน้า-ขวา","","24","55","1","พลอย","🆕 ลูกค้าใหม่","","11/6/2569 11:32:04"
"MIS_260611-C81","JOB-260519-B72","ประตูหลัง-ซ้าย","","20","60","1","มาว","🆕 ลูกค้าใหม่","","11/6/2569 11:32:04"
"MIS_260611-D42","JOB-260519-B72","ประตูหลัง-ขวา","","","","","พลอย","🆕 ลูกค้าใหม่","","11/6/2569 11:32:04"
"MIS_260611-AD7","JOB-260519-B72","บานฟิก-ซ้าย","","","","","","🆕 ลูกค้าใหม่","","11/6/2569 11:32:04"
"MIS_260611-527","JOB-260519-776","บานหน้า","","32","60","1","วัล","🆕 ลูกค้าใหม่","","11/6/2569 11:35:10"
"MIS_260611-590","JOB-260519-776","บานหลัง","","24","46","1","สดใส","🆕 ลูกค้าใหม่","","11/6/2569 11:35:10"
"MIS_260611-1D4","JOB-260519-776","ประตูหน้า-ซ้าย","","18","46","1","มาว","🆕 ลูกค้าใหม่","","11/6/2569 11:35:10"
"MIS_260611-F96","JOB-260519-776","ประตูหน้า-ขวา","","18","46","1","พลอย","🆕 ลูกค้าใหม่","","11/6/2569 11:35:10"
"MIS_260611-646","JOB-260519-776","ประตูหลัง-ซ้าย","","15","60","1","เอ","🆕 ลูกค้าใหม่","","11/6/2569 11:35:10"
"MIS_260611-0FA","JOB-260519-776","ประตูหลัง-ขวา","","","","","นัท","🆕 ลูกค้าใหม่","","11/6/2569 11:35:10"
"MIS_260611-108","JOB-260519-776","บานฟิก-ซ้าย","","","","","","🆕 ลูกค้าใหม่","","11/6/2569 11:35:10"
"MIS_260611-8B2","JOB-260519-B80","บานหน้า","3M Ultra Clear - CM IR15","30","60","1","วัล","🆕 ลูกค้าใหม่","","11/6/2569 11:37:45"
"MIS_260611-DE9","JOB-260519-B80","บานหลัง","3M Ultra Clear - CM IR5","20","38","1","นา","🆕 ลูกค้าใหม่","","11/6/2569 11:37:45"
"MIS_260611-F26","JOB-260519-B80","ประตูหน้า-ซ้าย","3M Ultra Clear - CM IR5","20","38","1","เอ","🆕 ลูกค้าใหม่","","11/6/2569 11:37:45"
"MIS_260611-BC7","JOB-260519-B80","ประตูหน้า-ขวา","3M Ultra Clear - CM IR5","20","38","1","วัล","🆕 ลูกค้าใหม่","","11/6/2569 11:37:45"
"MIS_260611-884","JOB-260519-B80","ประตูหลัง-ซ้าย","3M Ultra Clear - CM IR5","18","60","1","มาว","🆕 ลูกค้าใหม่","","11/6/2569 11:37:45"
"MIS_260611-448","JOB-260519-B80","ประตูหลัง-ขวา","3M Ultra Clear - CM IR5","","","","นา","🆕 ลูกค้าใหม่","","11/6/2569 11:37:45"
"MIS_260611-672","JOB-260519-B80","บานฟิก-ซ้าย","3M Ultra Clear - CM IR5","","","","","🆕 ลูกค้าใหม่","","11/6/2569 11:37:45"
"MIS_260611-360","JOB-260519-14E","บานหน้า","Hi-Kool CM - CM 35","31","60","1","วัล","🆕 ลูกค้าใหม่","","11/6/2569 11:39:51"
"MIS_260611-886","JOB-260519-14E","บานหลัง","Hi-Kool CM - CM 20","26","41","1","นา","🆕 ลูกค้าใหม่","","11/6/2569 11:39:51"
"MIS_260611-384","JOB-260519-14E","ประตูหน้า-ซ้าย","Hi-Kool CM - CM 20","17","41","1","นัท","🆕 ลูกค้าใหม่","","11/6/2569 11:39:51"
"MIS_260611-002","JOB-260519-14E","ประตูหน้า-ขวา","Hi-Kool CM - CM 20","17","41","1","มาว","🆕 ลูกค้าใหม่","","11/6/2569 11:39:51"
"MIS_260611-6C0","JOB-260519-14E","ประตูหลัง-ซ้าย","Hi-Kool CM - CM 20","18","60","1","นัท","🆕 ลูกค้าใหม่","","11/6/2569 11:39:51"
"MIS_260611-F07","JOB-260519-14E","ประตูหลัง-ขวา","Hi-Kool CM - CM 05","","","","มาว","🆕 ลูกค้าใหม่","","11/6/2569 11:39:51"
"MIS_260611-43E","JOB-260519-14E","บานฟิก-ซ้าย","Hi-Kool CM - CM 20","12","30","1","","🆕 ลูกค้าใหม่","","11/6/2569 11:39:51"
"MIS_260611-B62","JOB-260519-E92","บานหน้า","3M Ultra Clear - CM IR15","32","60","1","วัล","🆕 ลูกค้าใหม่","","11/6/2569 11:41:32"
"MIS_260611-72F","JOB-260519-E92","บานหลัง","3M Ultra Clear - CM IR5","20","41","1","นา","🆕 ลูกค้าใหม่","","11/6/2569 11:41:32"
"MIS_260611-FB3","JOB-260519-E92","ประตูหน้า-ซ้าย","3M Ultra Clear - CM IR5","20","41","1","มาว","🆕 ลูกค้าใหม่","","11/6/2569 11:41:32"
"MIS_260611-83A","JOB-260519-E92","ประตูหน้า-ขวา","3M Ultra Clear - CM IR5","20","41","1","พลอย","🆕 ลูกค้าใหม่","","11/6/2569 11:41:32"
"MIS_260611-193","JOB-260519-E92","ประตูหลัง-ซ้าย","3M Ultra Clear - CM IR5","18","60","1","นัท","🆕 ลูกค้าใหม่","","11/6/2569 11:41:32"
"MIS_260611-D82","JOB-260519-E92","ประตูหลัง-ขวา","3M Ultra Clear - CM IR5","","","","พลอย","🆕 ลูกค้าใหม่","","11/6/2569 11:41:32"
"MIS_260611-A89","JOB-260519-E92","บานฟิก-ซ้าย","3M Ultra Clear - CM IR5","","","","","🆕 ลูกค้าใหม่","","11/6/2569 11:41:32"
"MIS_260611-4F4","JOB-260520-907","บานหน้า","Hi-Kool CM - CM 35","32","60","1","วัล","🆕 ลูกค้าใหม่","","11/6/2569 11:42:59"
"MIS_260611-345","JOB-260520-907","บานหลัง","Hi-Kool CM - CM 20","29","47","1","นา","🆕 ลูกค้าใหม่","","11/6/2569 11:42:59"
"MIS_260611-632","JOB-260520-907","ประตูหน้า-ซ้าย","Hi-Kool CM - CM 35","20","38","1","มาว","🆕 ลูกค้าใหม่","","11/6/2569 11:42:59"
"MIS_260611-F4E","JOB-260520-907","ประตูหน้า-ขวา","Hi-Kool CM - CM 35","20","38","1","นัท","🆕 ลูกค้าใหม่","","11/6/2569 11:42:59"
"MIS_260611-453","JOB-260520-907","ประตูหลัง-ซ้าย","Hi-Kool CM - CM 20","15.5","47","1","เอ","🆕 ลูกค้าใหม่","","11/6/2569 11:42:59"
"MIS_260611-89A","JOB-260520-907","ประตูหลัง-ขวา","Hi-Kool CM - CM 20","15.5","47","1","พลอย","🆕 ลูกค้าใหม่","","11/6/2569 11:42:59"
"MIS_260611-348","JOB-260520-907","บานฟิก-ซ้าย","Hi-Kool CM - CM 20","","","","","🆕 ลูกค้าใหม่","","11/6/2569 11:42:59"
"MIS_260611-D54","JOB-260520-3AB","บานหน้า","Hi-Kool Beyond - BY30","30","60","1","ต้น","🆕 ลูกค้าใหม่","","11/6/2569 11:44:12"
"MIS_260611-5A4","JOB-260520-3AB","บานหลัง","Hi-Kool Beyond - BY20","28","44","1","นา","🆕 ลูกค้าใหม่","","11/6/2569 11:44:12"
"MIS_260611-778","JOB-260520-3AB","ประตูหน้า-ซ้าย","Hi-Kool Beyond - BY20","16","44","1","มาว","🆕 ลูกค้าใหม่","","11/6/2569 11:44:12"
"MIS_260611-AED","JOB-260520-3AB","ประตูหน้า-ขวา","Hi-Kool Beyond - BY20","16","44","1","พลอย","🆕 ลูกค้าใหม่","","11/6/2569 11:44:12"
"MIS_260611-F22","JOB-260520-3AB","ประตูหลัง-ซ้าย","Hi-Kool Beyond - BY20","18","60","1","เอ","🆕 ลูกค้าใหม่","","11/6/2569 11:44:12"
"MIS_260611-BEE","JOB-260520-3AB","ประตูหลัง-ขวา","Hi-Kool Beyond - BY20","","","","นัท","🆕 ลูกค้าใหม่","","11/6/2569 11:44:12"
"MIS_260611-946","JOB-260520-3AB","บานฟิก-ซ้าย","Hi-Kool Beyond - BY20","","","","","🆕 ลูกค้าใหม่","","11/6/2569 11:44:12"
"MIS_260611-9D1","JOB-260520-270","บานหน้า","3M Ceramate - CRM 15","35","60","1","ต้น","🆕 ลูกค้าใหม่","","11/6/2569 11:45:51"
"MIS_260611-67A","JOB-260520-270","บานหลัง","3M Ceramate - CRM 15","20","46","1","สดใส","🆕 ลูกค้าใหม่","","11/6/2569 11:45:51"
"MIS_260611-CA4","JOB-260520-270","ประตูหน้า-ซ้าย","3M Ceramate - CRM 15","20","46","1","มาว","🆕 ลูกค้าใหม่","","11/6/2569 11:45:51"
"MIS_260611-90C","JOB-260520-270","ประตูหน้า-ขวา","3M Ceramate - CRM 15","20","46","1","พลอย","🆕 ลูกค้าใหม่","","11/6/2569 11:45:51"
"MIS_260611-4A1","JOB-260520-270","ประตูหลัง-ซ้าย","3M Ceramate - CRM 15","20","33","1","นา","🆕 ลูกค้าใหม่","","11/6/2569 11:45:51"
"MIS_260611-9E9","JOB-260520-270","ประตูหลัง-ขวา","3M Ceramate - CRM 15","20","33","1","นัท","🆕 ลูกค้าใหม่","","11/6/2569 11:45:51"
"MIS_260611-FF5","JOB-260520-270","บานฟิก-ซ้าย","3M Ceramate - CRM 15","","","","","🆕 ลูกค้าใหม่","","11/6/2569 11:45:51"
"MIS_260611-D15","JOB-260520-D76","บานหน้า","Hi-Kool CM - CM 35","35","60","1","วัล","🆕 ลูกค้าใหม่","","11/6/2569 11:47:24"
"MIS_260611-D1F","JOB-260520-D76","บานหลัง","Hi-Kool CM - CM 05","31","50","1","นา","🆕 ลูกค้าใหม่","","11/6/2569 11:47:24"
"MIS_260611-5AC","JOB-260520-D76","ประตูหน้า-ซ้าย","Hi-Kool CM - CM 05","29","50","1","มาว","🆕 ลูกค้าใหม่","","11/6/2569 11:47:24"
"MIS_260611-5B8","JOB-260520-D76","ประตูหน้า-ขวา","Hi-Kool CM - CM 05","","","","พลอย","🆕 ลูกค้าใหม่","","11/6/2569 11:47:24"
"MIS_260611-CDA","JOB-260520-D76","ประตูหลัง-ซ้าย","Hi-Kool CM - CM 05","20","36","1","เอ","🆕 ลูกค้าใหม่","","11/6/2569 11:47:24"
"MIS_260611-120","JOB-260520-D76","ประตูหลัง-ขวา","Hi-Kool CM - CM 05","20","30","1","นัท","🆕 ลูกค้าใหม่","","11/6/2569 11:47:24"
"MIS_260611-ED6","JOB-260520-D76","บานฟิก-ซ้าย","Hi-Kool CM - CM 05","","","","","🆕 ลูกค้าใหม่","","11/6/2569 11:47:24"
"MIS_260611-1E0","JOB-260520-E07","บานหน้า","3M Ceramate - CRM 35","34","60","1","ต้น","🆕 ลูกค้าใหม่","","11/6/2569 11:48:40"
"MIS_260611-4EB","JOB-260520-E07","บานหลัง","3M Ceramate - CRM 15","31","50","1","สดใส","🆕 ลูกค้าใหม่","","11/6/2569 11:48:40"
"MIS_260611-9CD","JOB-260520-E07","ประตูหน้า-ซ้าย","3M Ceramate - CRM 15","29","50","1","มาว","🆕 ลูกค้าใหม่","","11/6/2569 11:48:40"
"MIS_260611-30D","JOB-260520-E07","ประตูหน้า-ขวา","3M Ceramate - CRM 15","","","","พลอย","🆕 ลูกค้าใหม่","","11/6/2569 11:48:40"
"MIS_260611-97D","JOB-260520-E07","ประตูหลัง-ซ้าย","3M Ceramate - CRM 15","20","38","1","เอ","🆕 ลูกค้าใหม่","","11/6/2569 11:48:40"
"MIS_260611-FA2","JOB-260520-E07","ประตูหลัง-ขวา","3M Ceramate - CRM 15","20","33","1","นัท","🆕 ลูกค้าใหม่","","11/6/2569 11:48:40"
"MIS_260611-E3E","JOB-260520-E07","บานฟิก-ซ้าย","3M Ceramate - CRM 15","","","","","🆕 ลูกค้าใหม่","","11/6/2569 11:48:40"
"MIS_260611-12A","JOB-260520-32B","บานหน้า","3M Ultra Clear - CM IR50","34","68","1","วัล","🆕 ลูกค้าใหม่","","11/6/2569 11:49:11"
"MIS_260611-36F","JOB-260520-976","บานหน้า","3M Absolute  - AS35","33","60","1","วัล","🆕 ลูกค้าใหม่","","11/6/2569 11:54:11"
"MIS_260611-3B2","JOB-260520-976","บานหลัง","3M Absolute  - AS15","12","60","1","นา","🆕 ลูกค้าใหม่","","11/6/2569 11:54:11"
"MIS_260611-188","JOB-260520-976","ประตูหน้า-ซ้าย","3M Absolute  - AS15","20","38","1","เอ","🆕 ลูกค้าใหม่","","11/6/2569 11:54:11"
"MIS_260611-73A","JOB-260520-976","ประตูหน้า-ขวา","3M Absolute  - AS15","20","38","1","นัท","🆕 ลูกค้าใหม่","","11/6/2569 11:54:11"
"MIS_260611-A14","JOB-260520-976","ประตูหลัง-ซ้าย","3M Absolute  - AS15","","","","","🆕 ลูกค้าใหม่","","11/6/2569 11:54:11"
"MIS_260611-072","JOB-260520-976","ประตูหลัง-ขวา","3M Absolute  - AS15","","","","","🆕 ลูกค้าใหม่","","11/6/2569 11:54:11"
"MIS_260611-9CF","JOB-260520-976","บานฟิก-ซ้าย","3M Absolute  - AS15","20","38","1","พลอย , มาว","🆕 ลูกค้าใหม่","","11/6/2569 11:54:11"
"MIS_260611-76E","JOB-260520-EEF","บานหน้า","G-TEC - CM30","30","60","1","ต้น","🆕 ลูกค้าใหม่","","11/6/2569 11:55:47"
"MIS_260611-44E","JOB-260520-EEF","บานหลัง","G-TEC - CM30","16","60","1","นา","🆕 ลูกค้าใหม่","","11/6/2569 11:55:47"
"MIS_260611-5BD","JOB-260520-EEF","ประตูหน้า-ซ้าย","G-TEC - CM30","20","37","1","มาว","🆕 ลูกค้าใหม่","","11/6/2569 11:55:47"
"MIS_260611-E2A","JOB-260520-EEF","ประตูหน้า-ขวา","G-TEC - CM30","20","37","1","พลอย","🆕 ลูกค้าใหม่","","11/6/2569 11:55:47"
"MIS_260611-F9C","JOB-260520-EEF","ประตูหลัง-ซ้าย","","20","37","1","นา","🆕 ลูกค้าใหม่","","11/6/2569 11:55:47"
"MIS_260611-B76","JOB-260520-EEF","ประตูหลัง-ขวา","","","","","","🆕 ลูกค้าใหม่","","11/6/2569 11:55:47"
"MIS_260611-033","JOB-260521-0A3","บานหน้า","Hi-Kool CM - CM 20","30","60","1","วัล","🆕 ลูกค้าใหม่","","11/6/2569 11:57:00"
"MIS_260611-607","JOB-260521-0A3","บานหลัง","Hi-Kool CM - CM 05","13","60","1","นา","🆕 ลูกค้าใหม่","","11/6/2569 11:57:00"
"MIS_260611-0C3","JOB-260521-0A3","ประตูหน้า-ซ้าย","Hi-Kool CM - CM 05","20","60","1","มาว","🆕 ลูกค้าใหม่","","11/6/2569 11:57:00"
"MIS_260611-703","JOB-260521-0A3","ประตูหน้า-ขวา","Hi-Kool CM - CM 05","","","","พลอย","🆕 ลูกค้าใหม่","","11/6/2569 11:57:00"
"MIS_260611-C58","JOB-260521-0A3","ประตูหลัง-ซ้าย","Hi-Kool CM - CM 05","20","60","1","เอ","🆕 ลูกค้าใหม่","","11/6/2569 11:57:00"
"MIS_260611-4A2","JOB-260521-0A3","ประตูหลัง-ขวา","Hi-Kool CM - CM 05","","","","นัท","🆕 ลูกค้าใหม่","","11/6/2569 11:57:00"
"MIS_260611-856","JOB-260521-0A3","บานฟิก-ซ้าย","Hi-Kool CM - CM 05","","","","","🆕 ลูกค้าใหม่","","11/6/2569 11:57:00"
"MIS_260611-D32","JOB-260521-24C","บานหลัง","G-TEC - CM05","20","46","1","เอ","🛠 (ช่าง) ล้างกาวไม่สะอาด","","11/6/2569 11:58:08"
"MIS_260611-1EB","JOB-260521-C96","บานหน้า","3M Ceramate - CRM 35","29","60","1","วัล","🆕 ลูกค้าใหม่","","11/6/2569 12:05:39"
"MIS_260611-D1B","JOB-260521-C96","บานหลัง","3M Ceramate - CRM 5","20","46","1","ต้น","🆕 ลูกค้าใหม่","","11/6/2569 12:05:39"
"MIS_260611-B11","JOB-260521-C96","ประตูหน้า-ซ้าย","3M Ceramate - CRM 5","20","46","1","มาว","🆕 ลูกค้าใหม่","","11/6/2569 12:05:39"
"MIS_260611-443","JOB-260521-C96","ประตูหน้า-ขวา","3M Ceramate - CRM 5","20","46","1","นัท","🆕 ลูกค้าใหม่","","11/6/2569 12:05:39"
"MIS_260611-4B2","JOB-260521-C96","ประตูหลัง-ซ้าย","3M Ceramate - CRM 5","34","42","1","เอ","🆕 ลูกค้าใหม่","","11/6/2569 12:05:39"
"MIS_260611-D1D","JOB-260521-C96","ประตูหลัง-ขวา","3M Ceramate - CRM 5","","","","พลอย","🆕 ลูกค้าใหม่","","11/6/2569 12:05:39"
"MIS_260611-DE6","JOB-260521-C96","บานฟิก-ซ้าย","3M Ceramate - CRM 5","15","60","1","ต้น","🆕 ลูกค้าใหม่","","11/6/2569 12:05:39"
"MIS_260611-F55","JOB-260521-D3B","บานหน้า","3M Ultra Clear - CM IR15","20","60","1","ต้น","🆕 ลูกค้าใหม่","","11/6/2569 12:07:16"
"MIS_260611-4D2","JOB-260521-D3B","บานหลัง","3M Ultra Clear - CM IR5","20","42","1","นา","🆕 ลูกค้าใหม่","","11/6/2569 12:07:16"
"MIS_260611-9E3","JOB-260521-D3B","ประตูหน้า-ซ้าย","3M Ultra Clear - CM IR5","20","42","1","มาว","🆕 ลูกค้าใหม่","","11/6/2569 12:07:16"
"MIS_260611-010","JOB-260521-D3B","ประตูหน้า-ขวา","3M Ultra Clear - CM IR5","20","42","1","พลอย","🆕 ลูกค้าใหม่","","11/6/2569 12:07:16"
"MIS_260611-7E3","JOB-260521-D3B","ประตูหลัง-ซ้าย","3M Ultra Clear - CM IR5","17","30","1","เอ","🆕 ลูกค้าใหม่","","11/6/2569 12:07:16"
"MIS_260611-CA6","JOB-260521-D3B","ประตูหลัง-ขวา","3M Ultra Clear - CM IR5","17","30","1","นัท","🆕 ลูกค้าใหม่","","11/6/2569 12:07:16"
"MIS_260611-7E1","JOB-260521-D3B","บานฟิก-ซ้าย","3M Ultra Clear - CM IR5","","","","","🆕 ลูกค้าใหม่","","11/6/2569 12:07:16"
"MIS_260611-DA6","JOB-260521-D3B","บานฟิก-ขวา","3M Ultra Clear - CM IR5","","","","","🆕 ลูกค้าใหม่","","11/6/2569 12:07:16"
"MIS_260611-A3C","JOB-260521-D3B","ซันรูฟ-ช่อง1","3M Ultra Clear - CM IR5","20","31","1","นัท","🆕 ลูกค้าใหม่","","11/6/2569 12:07:16"
"MIS_260611-B9D","JOB-260521-5DF","บานหน้า","3M Absolute  - AS35","34","60","1","วัล","🆕 ลูกค้าใหม่","","11/6/2569 13:04:51"
"MIS_260611-4C1","JOB-260521-5DF","บานหลัง","3M Absolute  - AS15","20","41","1","นา","🆕 ลูกค้าใหม่","","11/6/2569 13:04:51"
"MIS_260611-AC6","JOB-260521-5DF","ประตูหน้า-ซ้าย","3M Absolute  - AS15","20","41","1","มาว","🆕 ลูกค้าใหม่","","11/6/2569 13:04:51"
"MIS_260611-07C","JOB-260521-5DF","ประตูหน้า-ขวา","3M Absolute  - AS15","20","41","1","พลอย","🆕 ลูกค้าใหม่","","11/6/2569 13:04:51"
"MIS_260611-241","JOB-260521-5DF","ประตูหลัง-ซ้าย","3M Absolute  - AS15","18","60","1","เอ","🆕 ลูกค้าใหม่","","11/6/2569 13:04:51"
"MIS_260611-58A","JOB-260521-5DF","ประตูหลัง-ขวา","3M Absolute  - AS15","","","","นัท","🆕 ลูกค้าใหม่","","11/6/2569 13:04:51"
"MIS_260611-3BF","JOB-260521-5DF","บานฟิก-ซ้าย","3M Absolute  - AS15","","","","","🆕 ลูกค้าใหม่","","11/6/2569 13:04:51"
"MIS_260611-3CD","JOB-260521-2A6","บานหน้า","G-TEC - CM40","35","60","1","วัล","🆕 ลูกค้าใหม่","","11/6/2569 13:06:31"
"MIS_260611-080","JOB-260521-2A6","บานหลัง","G-TEC - CM20","20","43","1","นา","🆕 ลูกค้าใหม่","","11/6/2569 13:06:31"
"MIS_260611-2EB","JOB-260521-2A6","ประตูหน้า-ซ้าย","G-TEC - CM20","20","43","1","มาว","🆕 ลูกค้าใหม่","","11/6/2569 13:06:31"
"MIS_260611-73E","JOB-260521-2A6","ประตูหน้า-ขวา","G-TEC - CM20","20","43","1","พลอย","🆕 ลูกค้าใหม่","","11/6/2569 13:06:31"
"MIS_260611-C99","JOB-260521-2A6","ประตูหลัง-ซ้าย","G-TEC - CM20","20","33","1","เอ","🆕 ลูกค้าใหม่","","11/6/2569 13:06:31"
"MIS_260611-7CD","JOB-260521-2A6","ประตูหลัง-ขวา","G-TEC - CM20","20","33","1","นัท","🆕 ลูกค้าใหม่","","11/6/2569 13:06:31"
"MIS_260611-B5C","JOB-260521-2A6","บานฟิก-ซ้าย","G-TEC - CM20","12","60","1","สดใส","🆕 ลูกค้าใหม่","","11/6/2569 13:06:31"
"MIS_260611-314","JOB-260521-68E","บานหน้า","3M Absolute  - AS15","20","60","1","","","","11/6/2569 13:08:24"
"MIS_260611-28F","JOB-260522-3D1","ประตูหน้า-ซ้าย","3M Ultra Clear - CM IR25","20","38","1","มาว","🆕 ลูกค้าใหม่","","11/6/2569 13:09:01"
"MIS_260611-914","JOB-260522-3D1","ประตูหน้า-ขวา","3M Ultra Clear - CM IR25","20","38","1","","🆕 ลูกค้าใหม่","","11/6/2569 13:09:01"
"MIS_260611-6F8","JOB-260522-999","บานหน้า","G-TEC - CM30","36","60","1","วัล","🆕 ลูกค้าใหม่","","11/6/2569 13:10:30"
"MIS_260611-429","JOB-260522-999","บานหลัง","G-TEC - CM05","20","44","1","นา","🆕 ลูกค้าใหม่","","11/6/2569 13:10:30"
"MIS_260611-5F4","JOB-260522-999","ประตูหน้า-ซ้าย","G-TEC - CM05","20","44","1","มาว","🆕 ลูกค้าใหม่","","11/6/2569 13:10:30"
"MIS_260611-6A2","JOB-260522-999","ประตูหน้า-ขวา","G-TEC - CM05","20","44","1","พลอย","🆕 ลูกค้าใหม่","","11/6/2569 13:10:30"
"MIS_260611-3C6","JOB-260522-999","ประตูหลัง-ซ้าย","G-TEC - CM05","20","46","1","เอ","🆕 ลูกค้าใหม่","","11/6/2569 13:10:30"
"MIS_260611-8A1","JOB-260522-999","ประตูหลัง-ขวา","G-TEC - CM05","20","46","1","นัท","🆕 ลูกค้าใหม่","","11/6/2569 13:10:30"
"MIS_260611-A5F","JOB-260522-999","บานฟิก-ซ้าย","G-TEC - CM05","","","","","🆕 ลูกค้าใหม่","","11/6/2569 13:10:30"
"MIS_260611-92C","JOB-260522-7EA","บานหน้า","G-TEC - CM30","37","60","1","ต้น","🆕 ลูกค้าใหม่","","11/6/2569 13:10:57"
"MIS_260611-2BC","JOB-260522-CCF","บานหน้า","3M Ultra Clear - CM IR50","41","60","1","นัท , นา","🆕 ลูกค้าใหม่","","11/6/2569 13:12:31"
"MIS_260611-881","JOB-260522-CCF","บานหลัง","","","","","","🆕 ลูกค้าใหม่","","11/6/2569 13:12:31"
"MIS_260611-A6F","JOB-260522-CCF","ประตูหน้า-ซ้าย","3M Ultra Clear - CM IR25","23","38","1","เอ","🆕 ลูกค้าใหม่","","11/6/2569 13:12:31"
"MIS_260611-DF2","JOB-260522-CCF","ประตูหน้า-ขวา","3M Ultra Clear - CM IR25","23","38","1","พลอย","🆕 ลูกค้าใหม่","","11/6/2569 13:12:31"
"MIS_260611-AE6","JOB-260522-CCF","บานฟิก-ซ้าย","3M Ultra Clear - CM IR25","12","60","1","นัท , เอ","🆕 ลูกค้าใหม่","","11/6/2569 13:12:31"
"MIS_260611-E67","JOB-260522-23F","บานหน้า","3M Ultra Clear - CM IR15","30","60","1","วัล","🆕 ลูกค้าใหม่","","11/6/2569 13:13:47"
"MIS_260611-BBD","JOB-260522-23F","บานหลัง","3M Ultra Clear - CM IR15","20","41","1","นา","🆕 ลูกค้าใหม่","","11/6/2569 13:13:47"
"MIS_260611-01F","JOB-260522-23F","ประตูหน้า-ซ้าย","3M Ultra Clear - CM IR15","20","41","1","เอ","🆕 ลูกค้าใหม่","","11/6/2569 13:13:47"
"MIS_260611-0D8","JOB-260522-23F","ประตูหน้า-ขวา","3M Ultra Clear - CM IR15","20","41","1","พลอย","🆕 ลูกค้าใหม่","","11/6/2569 13:13:47"
"MIS_260611-42B","JOB-260522-23F","ประตูหลัง-ซ้าย","3M Ultra Clear - CM IR5","18","60","1","เอ","🆕 ลูกค้าใหม่","","11/6/2569 13:13:47"
"MIS_260611-EA5","JOB-260522-23F","ประตูหลัง-ขวา","3M Ultra Clear - CM IR5","","","","นัท","🆕 ลูกค้าใหม่","","11/6/2569 13:13:47"
"MIS_260611-3C8","JOB-260522-983","บานหน้า","3M Ultra Clear - CM IR35","43","60","1","ต้น","🆕 ลูกค้าใหม่","","11/6/2569 13:16:23"
"MIS_260611-C14","JOB-260522-983","บานหลัง","3M Ultra Clear - CM IR25","20","52","1","สดใส","🆕 ลูกค้าใหม่","","11/6/2569 13:16:23"
"MIS_260611-54B","JOB-260522-983","ประตูหน้า-ซ้าย","3M Ultra Clear - CM IR25","20","52","1","เอ","🆕 ลูกค้าใหม่","","11/6/2569 13:16:23"
"MIS_260611-6C9","JOB-260522-983","ประตูหน้า-ขวา","3M Ultra Clear - CM IR25","20","52","1","พลอย","🆕 ลูกค้าใหม่","","11/6/2569 13:16:23"
"MIS_260611-261","JOB-260522-983","ประตูหลัง-ซ้าย","3M Ultra Clear - CM IR25","20","42","1","นัท","🆕 ลูกค้าใหม่","","11/6/2569 13:16:23"
"MIS_260611-3E9","JOB-260522-983","ประตูหลัง-ขวา","3M Ultra Clear - CM IR25","20","42","1","นา","🆕 ลูกค้าใหม่","","11/6/2569 13:16:23"
"MIS_260611-F6D","JOB-260522-983","บานฟิก-ซ้าย","3M Ultra Clear - CM IR25","18","60","1","สดใส","🆕 ลูกค้าใหม่","","11/6/2569 13:16:23"
"MIS_260611-42E","JOB-260522-983","บานฟิก-ขวา","3M Ultra Clear - CM IR25","","","","","🆕 ลูกค้าใหม่","","11/6/2569 13:16:23"
"MIS_260611-D9F","JOB-260522-983","ซันรูฟ-ช่อง1","3M Ultra Clear - IZY-KOOL Ceramic - IZY 05","22","32","1","ต้น","🆕 ลูกค้าใหม่","","11/6/2569 13:16:23"
"MIS_260611-328","JOB-260522-E54","บานหน้า","3M Ceramate - CRM 15","37","60","1","ต้น","🆕 ลูกค้าใหม่","","11/6/2569 13:17:27"
"MIS_260611-17B","JOB-260522-E54","บานหลัง","3M Ceramate - CRM 15","26","45","1","สดใส","🆕 ลูกค้าใหม่","","11/6/2569 13:17:27"
"MIS_260611-4A9","JOB-260522-E54","ประตูหน้า-ซ้าย","3M Ceramate - CRM 15","17","45","1","เอ","🆕 ลูกค้าใหม่","","11/6/2569 13:17:27"
"MIS_260611-594","JOB-260522-E54","ประตูหน้า-ขวา","3M Ceramate - CRM 15","17","45","1","พลอย","🆕 ลูกค้าใหม่","","11/6/2569 13:17:27"
"MIS_260611-358","JOB-260522-E54","ประตูหลัง-ซ้าย","3M Ceramate - CRM 15","18","60","1","เอ","🆕 ลูกค้าใหม่","","11/6/2569 13:17:27"
"MIS_260611-2B5","JOB-260522-E54","ประตูหลัง-ขวา","3M Ceramate - CRM 15","","","","นัท","🆕 ลูกค้าใหม่","","11/6/2569 13:17:27"
"MIS_260611-9BA","JOB-260522-9E4","บานหน้า","3M Ultra Clear - CM IR25","34","60","1","ต้น","🆕 ลูกค้าใหม่","","11/6/2569 13:18:32"
"MIS_260611-7D2","JOB-260522-9E4","บานหลัง","3M Ultra Clear - CM IR5","26","45","1","สดใส","🆕 ลูกค้าใหม่","","11/6/2569 13:18:32"
"MIS_260611-6DE","JOB-260522-9E4","ประตูหน้า-ซ้าย","3M Ultra Clear - CM IR5","17","45","1","เอ","🆕 ลูกค้าใหม่","","11/6/2569 13:18:32"
"MIS_260611-68B","JOB-260522-9E4","ประตูหน้า-ขวา","3M Ultra Clear - CM IR5","17","45","1","พลอย","🆕 ลูกค้าใหม่","","11/6/2569 13:18:32"
"MIS_260611-D9B","JOB-260522-9E4","ประตูหลัง-ซ้าย","3M Ultra Clear - CM IR5","18","60","1","เอ","🆕 ลูกค้าใหม่","","11/6/2569 13:18:32"
"MIS_260611-087","JOB-260522-9E4","ประตูหลัง-ขวา","3M Ultra Clear - CM IR5","","","","นัท","🆕 ลูกค้าใหม่","","11/6/2569 13:18:32"
"MIS_260611-5C0","JOB-260522-9E4","บานฟิก-ซ้าย","3M Ultra Clear - CM IR5","","","","","🆕 ลูกค้าใหม่","","11/6/2569 13:18:32"
"MIS_260611-923","JOB-260522-82C","บานหน้า","3M Absolute  - AS15","32","60","1","ต้น","🆕 ลูกค้าใหม่","","11/6/2569 13:18:58"
"MIS_260611-EB8","JOB-260522-30E","บานหน้า","G-TEC - CM40","29","60","1","วัล","🆕 ลูกค้าใหม่","","11/6/2569 13:20:30"
"MIS_260611-578","JOB-260522-30E","บานหลัง","G-TEC - CM20","20","44","1","นา","🆕 ลูกค้าใหม่","","11/6/2569 13:20:30"
"MIS_260611-327","JOB-260522-30E","ประตูหน้า-ซ้าย","G-TEC - CM20","20","44","1","เอ","🆕 ลูกค้าใหม่","","11/6/2569 13:20:30"
"MIS_260611-848","JOB-260522-30E","ประตูหน้า-ขวา","G-TEC - CM20","20","44","1","พลอย","🆕 ลูกค้าใหม่","","11/6/2569 13:20:30"
"MIS_260611-224","JOB-260522-30E","ประตูหลัง-ซ้าย","G-TEC - CM20","","","","เอ","🆕 ลูกค้าใหม่","","11/6/2569 13:20:30"
"MIS_260611-E4A","JOB-260522-30E","ประตูหลัง-ขวา","G-TEC - CM20","","","","พลอย","🆕 ลูกค้าใหม่","","11/6/2569 13:20:30"
"MIS_260611-313","JOB-260522-30E","บานฟิก-ซ้าย","G-TEC - CM20","16","60","1","นา","🆕 ลูกค้าใหม่","","11/6/2569 13:20:30"
"MIS_260611-502","JOB-260522-2EB","บานหน้า","G-TEC - CM30","32","60","1","วัล","🆕 ลูกค้าใหม่","","11/6/2569 13:21:42"
"MIS_260611-9EB","JOB-260522-2EB","บานหลัง","G-TEC - CM05","26","41","1","นา","🆕 ลูกค้าใหม่","","11/6/2569 13:21:42"
"MIS_260611-29A","JOB-260522-2EB","ประตูหน้า-ซ้าย","G-TEC - CM05","17","41","1","พลอย","🆕 ลูกค้าใหม่","","11/6/2569 13:21:42"
"MIS_260611-BA8","JOB-260522-2EB","ประตูหน้า-ขวา","G-TEC - CM05","17","41","1","พลอย","🆕 ลูกค้าใหม่","","11/6/2569 13:21:42"
"MIS_260611-4E6","JOB-260522-2EB","ประตูหลัง-ซ้าย","G-TEC - CM05","16","60","1","นัท","🆕 ลูกค้าใหม่","","11/6/2569 13:21:42"
"MIS_260611-31D","JOB-260522-2EB","ประตูหลัง-ขวา","G-TEC - CM05","","","","นัท","🆕 ลูกค้าใหม่","","11/6/2569 13:21:42"
"MIS_260611-DAC","JOB-260522-582","บานหน้า","3M Absolute  - AS35","34","60","1","ต้น","🆕 ลูกค้าใหม่","","11/6/2569 13:22:26"
"MIS_260611-4CA","JOB-260522-582","บานหลัง","3M Absolute  - AS15","30","46","1","สดใส","🆕 ลูกค้าใหม่","","11/6/2569 13:22:26"
"MIS_260611-E30","JOB-260522-497","บานหน้า","G-TEC - CM80","30","57","1","วัล","🆕 ลูกค้าใหม่","","11/6/2569 13:23:55"
"MIS_260611-5BA","JOB-260522-497","บานหลัง","G-TEC - CM80","30","57","1","เอ","🆕 ลูกค้าใหม่","","11/6/2569 13:23:55"
"MIS_260611-1A0","JOB-260522-497","ประตูหน้า-ซ้าย","G-TEC - CM40","20","31","1","พลอย","🆕 ลูกค้าใหม่","","11/6/2569 13:23:55"
"MIS_260611-F1D","JOB-260522-497","ประตูหน้า-ขวา","G-TEC - CM40","20","31","1","เอ","🆕 ลูกค้าใหม่","","11/6/2569 13:23:55"
"MIS_260611-C18","JOB-260522-497","ประตูหลัง-ซ้าย","G-TEC - CM40","18","60","1","นัท","🆕 ลูกค้าใหม่","","11/6/2569 13:23:55"
"MIS_260611-9EC","JOB-260522-497","ประตูหลัง-ขวา","G-TEC - CM40","","","","นา","🆕 ลูกค้าใหม่","","11/6/2569 13:23:55"
"MIS_260611-DC8","JOB-260522-497","บานฟิก-ซ้าย","G-TEC - CM40","16","30","1","","🆕 ลูกค้าใหม่","","11/6/2569 13:23:55"
"MIS_260611-CDB","JOB-260522-1C0","บานหน้า","3M Ultra Clear - CM IR35","34","60","1","ต้น","🆕 ลูกค้าใหม่","","11/6/2569 13:25:17"
"MIS_260611-13F","JOB-260522-1C0","บานหลัง","3M Ultra Clear - CM IR15","28","42","1","นา","🆕 ลูกค้าใหม่","","11/6/2569 13:25:17"
"MIS_260611-D0E","JOB-260522-1C0","ประตูหน้า-ซ้าย","3M Ultra Clear - CM IR15","16","42","1","วัล","🆕 ลูกค้าใหม่","","11/6/2569 13:25:17"
"MIS_260611-011","JOB-260522-1C0","ประตูหน้า-ขวา","3M Ultra Clear - CM IR15","16","42","1","พลอย","🆕 ลูกค้าใหม่","","11/6/2569 13:25:17"
"MIS_260611-BF3","JOB-260522-1C0","ประตูหลัง-ซ้าย","3M Ultra Clear - CM IR15","20","38","1","เอ","🆕 ลูกค้าใหม่","","11/6/2569 13:25:17"
"MIS_260611-A3A","JOB-260522-1C0","ประตูหลัง-ขวา","3M Ultra Clear - CM IR15","","","","นัท","","","11/6/2569 13:25:17"
"MIS_260611-06F","JOB-260522-24A","ประตูหน้า-ซ้าย","3M FX - Fx15","20","37","1","เอ","🆕 ลูกค้าใหม่","","11/6/2569 13:26:10"
"MIS_260611-B45","JOB-260522-24A","ประตูหน้า-ขวา","3M FX - Fx15","20","37","1","ต้น","🆕 ลูกค้าใหม่","","11/6/2569 13:26:10"
"MIS_260611-46F","JOB-260522-98C","บานหน้า","G-TEC - CM30","29","60","1","วัล","🆕 ลูกค้าใหม่","","11/6/2569 13:28:02"
"MIS_260611-9B0","JOB-260522-98C","บานหลัง","G-TEC - CM20","20","40","1","เอ","🆕 ลูกค้าใหม่","","11/6/2569 13:28:02"
"MIS_260611-AB9","JOB-260522-98C","ประตูหน้า-ซ้าย","G-TEC - CM20","20","40","1","พลอย","🆕 ลูกค้าใหม่","","11/6/2569 13:28:02"
"MIS_260611-58F","JOB-260522-98C","ประตูหน้า-ขวา","G-TEC - CM20","20","40","1","เอ","🆕 ลูกค้าใหม่","","11/6/2569 13:28:02"
"MIS_260611-35D","JOB-260522-98C","ประตูหลัง-ซ้าย","G-TEC - CM20","20","44","1","นัท","🆕 ลูกค้าใหม่","","11/6/2569 13:28:02"
"MIS_260611-2F4","JOB-260522-98C","ประตูหลัง-ขวา","G-TEC - CM20","20","44","1","นา","","","11/6/2569 13:28:02"
"MIS_260611-BD5","JOB-260522-98C","บานฟิก-ซ้าย","G-TEC - CM20","","","","","🆕 ลูกค้าใหม่","","11/6/2569 13:28:02"
"MIS_260611-B21","JOB-260522-FC6","บานหน้า","3M Absolute  - AS35","28","60","1","วัล , นา","🆕 ลูกค้าใหม่","","11/6/2569 13:28:56"
"MIS_260611-544","JOB-260522-6B7","บานหน้า","Hi-Kool CM - CM 20","20","44","1","นา","🆕 ลูกค้าใหม่","","11/6/2569 13:29:27"
"MIS_260611-088","JOB-260522-81A","บานหน้า","Hi-Kool Beyond - BY30","33","60","1","ต้น","🆕 ลูกค้าใหม่","","11/6/2569 13:31:57"
"MIS_260611-E09","JOB-260522-81A","บานหลัง","Hi-Kool Beyond - BY15","24","60","1","สดใส","🆕 ลูกค้าใหม่","","11/6/2569 13:31:57"
"MIS_260611-9B1","JOB-260522-81A","ประตูหน้า-ซ้าย","Hi-Kool Beyond - BY15","18","46","1","เอ","🆕 ลูกค้าใหม่","","11/6/2569 13:31:57"
"MIS_260611-BD7","JOB-260522-81A","ประตูหน้า-ขวา","Hi-Kool Beyond - BY15","18","46","1","พลอย","🆕 ลูกค้าใหม่","","11/6/2569 13:31:57"
"MIS_260611-A0C","JOB-260522-81A","ประตูหลัง-ซ้าย","Hi-Kool Beyond - BY15","","","","นา","🆕 ลูกค้าใหม่","","11/6/2569 13:31:57"
"MIS_260611-9E6","JOB-260522-81A","ประตูหลัง-ขวา","Hi-Kool Beyond - BY15","","","","นัท","🆕 ลูกค้าใหม่","","11/6/2569 13:31:57"
"MIS_260611-38C","JOB-260530-365","บานหลัง","G-TEC - CM40","22","59","1","นา","🛠 (ช่าง) รีดหัก","","11/6/2569 13:35:42"
"MIS_260611-258","JOB-260530-365","ประตูหน้า-ซ้าย","G-TEC - CM40","19","59","1","มาว","🆕 ลูกค้าใหม่","","11/6/2569 13:35:42"
"MIS_260611-821","JOB-260530-365","ประตูหน้า-ขวา","G-TEC - CM40","19","59","1","พลอย","🆕 ลูกค้าใหม่","","11/6/2569 13:35:42"
"MIS_260611-BE0","JOB-260530-365","ประตูหลัง-ซ้าย","","","","","","🆕 ลูกค้าใหม่","","11/6/2569 13:35:42"
"MIS_260611-132","JOB-260530-401","บานหน้า","","","","","","🆕 ลูกค้าใหม่","","11/6/2569 13:40:15"
"MIS_260611-AF8","JOB-260530-401","บานหลัง","Hi-Kool CM - CM 05","30","50","1","นา","🆕 ลูกค้าใหม่","","11/6/2569 13:40:15"
"MIS_260611-DA4","JOB-260530-401","ประตูหน้า-ซ้าย","Hi-Kool CM - CM 05","30","50","1","มาว","🆕 ลูกค้าใหม่","","11/6/2569 13:40:15"
"MIS_260611-51D","JOB-260530-401","ประตูหน้า-ขวา","Hi-Kool CM - CM 05","","","","นัท","🆕 ลูกค้าใหม่","","11/6/2569 13:40:15"
"MIS_260611-B8B","JOB-260530-401","ประตูหลัง-ซ้าย","Hi-Kool CM - CM 05","18","60","1","พลอย","🆕 ลูกค้าใหม่","","11/6/2569 13:40:15"
"MIS_260611-C3E","JOB-260530-AA2","บานหน้า","3M Ultra Clear - CM IR70","30","60","1","","🎞 (ฟิล์ม) เนื้อฟิล์มมีปัญหา","","11/6/2569 13:41:34"
"MIS_260611-798","JOB-260530-0D1","บานหน้า","G-TEC - CM20","29","60","1","นัท , นา","🆕 ลูกค้าใหม่","","11/6/2569 13:44:50"
"MIS_260611-885","JOB-260530-0D1","บานหลัง","G-TEC - CM15","12","60","1","เอ","🆕 ลูกค้าใหม่","","11/6/2569 13:44:50"
"MIS_260611-EE4","JOB-260530-0D1","ประตูหน้า-ซ้าย","G-TEC - CM15","20","38","1","เอ","🆕 ลูกค้าใหม่","","11/6/2569 13:44:50"
"MIS_260611-724","JOB-260530-0D1","ประตูหน้า-ขวา","G-TEC - CM15","20","38","1","พลอย","🆕 ลูกค้าใหม่","","11/6/2569 13:44:50"
"MIS_260611-822","JOB-260530-0D1","ประตูหลัง-ซ้าย","G-TEC - CM05","20","35","1","","🆕 ลูกค้าใหม่","","11/6/2569 13:44:50"
"MIS_260611-E2C","JOB-260530-0D1","ประตูหลัง-ขวา","G-TEC - CM05","","","","","🆕 ลูกค้าใหม่","","11/6/2569 13:44:50"
"MIS_260611-338","JOB-260530-0D1","บานฟิก-ซ้าย","G-TEC - CM05","","","","มาว","","","11/6/2569 13:44:50"
"MIS_260611-BD8","JOB-260530-07E","บานหน้า","","36","60","1","","🆕 ลูกค้าใหม่","","11/6/2569 13:48:53"
"MIS_260611-6CF","JOB-260530-07E","บานหลัง","","28","50","1","","🆕 ลูกค้าใหม่","","11/6/2569 13:48:53"
"MIS_260611-95F","JOB-260530-07E","ประตูหน้า-ซ้าย","","32","50","1","มาว","🆕 ลูกค้าใหม่","","11/6/2569 13:48:53"
"MIS_260611-F37","JOB-260530-07E","ประตูหน้า-ขวา","","","","","พลอย","🆕 ลูกค้าใหม่","","11/6/2569 13:48:53"
"MIS_260611-552","JOB-260530-07E","ประตูหลัง-ซ้าย","","18","60","1","เอ","🆕 ลูกค้าใหม่","","11/6/2569 13:48:53"
"MIS_260611-546","JOB-260530-07E","ประตูหลัง-ขวา","","","","","นัท","🆕 ลูกค้าใหม่","","11/6/2569 13:48:53"
"MIS_260611-80E","JOB-260530-07E","บานฟิก-ซ้าย","","","","","","🆕 ลูกค้าใหม่","","11/6/2569 13:48:53"
"MIS_260611-7A0","JOB-260530-233","บานหน้า","3M Ceramate - CRM 15","38","60","1","ต้น","🆕 ลูกค้าใหม่","","11/6/2569 13:51:57"
"MIS_260611-573","JOB-260530-233","บานหลัง","3M Ceramate - CRM 15","20","44","1","สดใส","🆕 ลูกค้าใหม่","","11/6/2569 13:51:57"
"MIS_260611-28C","JOB-260530-233","ประตูหน้า-ซ้าย","3M Ceramate - CRM 15","20","44","1","มาว","🆕 ลูกค้าใหม่","","11/6/2569 13:51:57"
"MIS_260611-6A1","JOB-260530-233","ประตูหน้า-ขวา","3M Ceramate - CRM 15","20","44","1","พลอย","🆕 ลูกค้าใหม่","","11/6/2569 13:51:57"
"MIS_260611-F43","JOB-260530-233","ประตูหลัง-ซ้าย","3M Ceramate - CRM 15","18","60","1","เอ","🆕 ลูกค้าใหม่","","11/6/2569 13:51:57"
"MIS_260611-AD4","JOB-260530-233","ประตูหลัง-ขวา","3M Ceramate - CRM 15","","","","นัท","🆕 ลูกค้าใหม่","","11/6/2569 13:51:57"
"MIS_260611-8D3","JOB-260530-233","บานฟิก-ซ้าย","3M Ceramate - CRM 15","12","60","1","","🆕 ลูกค้าใหม่","","11/6/2569 13:51:57"
"MIS_260611-2AC","JOB-260530-241","ประตูหน้า-ซ้าย","3M Ceramate - CRM 15","21","35","1","มาว","🆕 ลูกค้าใหม่","","11/6/2569 13:54:08"
"MIS_260611-6C2","JOB-260530-241","ประตูหน้า-ขวา","3M Ceramate - CRM 15","21","35","1","พลอย","🆕 ลูกค้าใหม่","","11/6/2569 13:54:08"
"MIS_260611-E42","JOB-260530-241","ประตูหลัง-ซ้าย","3M Ceramate - CRM 5","18","60","1","นา","🆕 ลูกค้าใหม่","","11/6/2569 13:54:08"
"MIS_260611-E9F","JOB-260530-241","ประตูหลัง-ขวา","3M Ceramate - CRM 5","13","60","1","นัท","🆕 ลูกค้าใหม่","","11/6/2569 13:54:08"
"MIS_260611-04B","JOB-260530-241","บานฟิก-ซ้าย","3M Ceramate - CRM 5","20","40","1","เอ , สดใส","🆕 ลูกค้าใหม่","","11/6/2569 13:54:08"
"MIS_260611-309","JOB-260530-150","บานหน้า","","29","60","1","ต้น , นา","🆕 ลูกค้าใหม่","","11/6/2569 13:54:45"
"MIS_260611-A28","JOB-260530-C2F","บานหน้า","G-TEC - CM30","29","65","1","ต้น","🆕 ลูกค้าใหม่","","11/6/2569 13:57:11"
"MIS_260611-88D","JOB-260530-C2F","บานหลัง","G-TEC - CM20","22","57","1","สดใส","🆕 ลูกค้าใหม่","","11/6/2569 13:57:11"
"MIS_260611-CAE","JOB-260530-C2F","ประตูหน้า-ซ้าย","G-TEC - CM20","19","57","1","มาว","🆕 ลูกค้าใหม่","","11/6/2569 13:57:11"
"MIS_260611-E1B","JOB-260530-C2F","ประตูหน้า-ขวา","G-TEC - CM20","19","57","1","พลอย","🆕 ลูกค้าใหม่","","11/6/2569 13:57:11"
"MIS_260611-30A","JOB-260530-C2F","ประตูหลัง-ซ้าย","G-TEC - CM20","20","60","1","นัท","🆕 ลูกค้าใหม่","","11/6/2569 13:57:11"
"MIS_260611-004","JOB-260530-C2F","ประตูหลัง-ขวา","G-TEC - CM20","","","","นา","🆕 ลูกค้าใหม่","","11/6/2569 13:57:11"
"MIS_260611-F28","JOB-260530-C2F","บานฟิก-ซ้าย","G-TEC - CM20","20","43","1","เอ","🆕 ลูกค้าใหม่","","11/6/2569 13:57:11"
"MIS_260611-D34","JOB-260530-A53","บานหน้า","3M Ultra Clear - CM IR25","32","60","1","นา","🆕 ลูกค้าใหม่","","11/6/2569 13:58:56"
"MIS_260611-00E","JOB-260530-A53","บานหลัง","3M Ultra Clear - CM IR5","20","45","1","สดใส","🆕 ลูกค้าใหม่","","11/6/2569 13:58:56"
"MIS_260611-DCF","JOB-260530-A53","ประตูหน้า-ซ้าย","3M Ultra Clear - CM IR5","20","45","1","เอ","🆕 ลูกค้าใหม่","","11/6/2569 13:58:56"
"MIS_260611-D85","JOB-260530-A53","ประตูหน้า-ขวา","3M Ultra Clear - CM IR5","20","45","1","พลอย","🆕 ลูกค้าใหม่","","11/6/2569 13:58:56"
"MIS_260611-EDC","JOB-260530-A53","ประตูหลัง-ซ้าย","3M Ultra Clear - CM IR5","17","60","1","นัท","🆕 ลูกค้าใหม่","","11/6/2569 13:58:56"
"MIS_260611-92E","JOB-260530-A53","ประตูหลัง-ขวา","3M Ultra Clear - CM IR5","","","","มาว","🆕 ลูกค้าใหม่","","11/6/2569 13:58:56"
"MIS_260611-C4F","JOB-260530-A53","บานฟิก-ซ้าย","3M Ultra Clear - CM IR5","12","60","1","","🆕 ลูกค้าใหม่","","11/6/2569 13:58:56"
"MIS_260611-66C","JOB-260530-C29","บานหน้า","G-TEC - CM20","29","60","1","ต้น","🆕 ลูกค้าใหม่","","11/6/2569 14:01:16"
"MIS_260611-71F","JOB-260530-C29","บานหลัง","G-TEC - CM15","26","45","1","นา","🆕 ลูกค้าใหม่","","11/6/2569 14:01:16"
"MIS_260611-8B0","JOB-260530-C29","ประตูหน้า-ซ้าย","G-TEC - CM15","17","45","1","มาว","🆕 ลูกค้าใหม่","","11/6/2569 14:01:16"
"MIS_260611-EB5","JOB-260530-C29","ประตูหน้า-ขวา","G-TEC - CM15","17","45","1","พลอย","🆕 ลูกค้าใหม่","","11/6/2569 14:01:16"
"MIS_260611-BA9","JOB-260530-C29","ประตูหลัง-ซ้าย","G-TEC - CM15","17","60","1","เอ","🆕 ลูกค้าใหม่","","11/6/2569 14:01:16"
"MIS_260611-F7F","JOB-260530-C29","ประตูหลัง-ขวา","G-TEC - CM15","","","","นัท","🆕 ลูกค้าใหม่","","11/6/2569 14:01:16"
"MIS_260611-469","JOB-260530-BB5","บานหลัง","","32","60","1","","","","11/6/2569 14:02:00"
"MIS_260611-032","JOB-260530-521","บานหน้า","G-TEC - CM20","29","60","1","ต้น","🆕 ลูกค้าใหม่","","11/6/2569 14:04:27"
"MIS_260611-19E","JOB-260530-521","บานหลัง","G-TEC - CM20","12","60","1","สดใส","🆕 ลูกค้าใหม่","","11/6/2569 14:04:27"
"MIS_260611-917","JOB-260530-521","ประตูหน้า-ซ้าย","G-TEC - CM20","20","38","1","เอ","🆕 ลูกค้าใหม่","","11/6/2569 14:04:27"
"MIS_260611-07D","JOB-260530-521","ประตูหน้า-ขวา","G-TEC - CM20","20","38","1","นัท","🆕 ลูกค้าใหม่","","11/6/2569 14:04:27"
"MIS_260611-868","JOB-260530-3AF","บานหน้า","3M Ultra Clear - CM IR25","35","60","1","ต้น","🆕 ลูกค้าใหม่","","11/6/2569 14:06:50"
"MIS_260611-30E","JOB-260530-3AF","บานหลัง","3M Ultra Clear - CM IR5","28","45","1","นา","🆕 ลูกค้าใหม่","","11/6/2569 14:06:50"
"MIS_260611-7B7","JOB-260530-3AF","ประตูหน้า-ซ้าย","3M Ultra Clear - CM IR5","16","45","1","เอ","🆕 ลูกค้าใหม่","","11/6/2569 14:06:50"
"MIS_260611-965","JOB-260530-3AF","ประตูหน้า-ขวา","3M Ultra Clear - CM IR5","16","45","1","พลอย","🆕 ลูกค้าใหม่","","11/6/2569 14:06:50"
"MIS_260611-E3C","JOB-260530-3AF","ประตูหลัง-ซ้าย","3M Ultra Clear - CM IR5","17","30","1","นัท","🆕 ลูกค้าใหม่","","11/6/2569 14:06:50"
"MIS_260611-05C","JOB-260530-3AF","ประตูหลัง-ขวา","3M Ultra Clear - CM IR5","","","","มาว","🆕 ลูกค้าใหม่","","11/6/2569 14:06:50"
"MIS_260611-91F","JOB-260530-3AF","บานฟิก-ซ้าย","3M Ultra Clear - CM IR5","20","34","1","","🆕 ลูกค้าใหม่","","11/6/2569 14:06:50"
"MIS_260611-836","JOB-260530-0DA","บานหน้า","3M Ultra Clear - CM IR35","35","60","1","ต้น , นา","🆕 ลูกค้าใหม่","","11/6/2569 14:07:43"
"MIS_260611-151","JOB-260530-63C","บานหน้า","Hi-Kool CM - CM 20","37","60","1","นา","🆕 ลูกค้าใหม่","","11/6/2569 14:10:52"
"MIS_260611-01C","JOB-260530-63C","บานหลัง","Hi-Kool CM - CM 05","20","45","1","สดใส","🆕 ลูกค้าใหม่","","11/6/2569 14:10:52"
"MIS_260611-AFA","JOB-260530-63C","ประตูหน้า-ซ้าย","Hi-Kool CM - CM 05","20","45","1","มาว","🆕 ลูกค้าใหม่","","11/6/2569 14:10:52"
"MIS_260611-06C","JOB-260530-63C","ประตูหน้า-ขวา","Hi-Kool CM - CM 05","20","45","1","พลอย","🆕 ลูกค้าใหม่","","11/6/2569 14:10:52"
"MIS_260611-F64","JOB-260530-63C","ประตูหลัง-ซ้าย","Hi-Kool CM - CM 05","18","60","1","เอ","🆕 ลูกค้าใหม่","","11/6/2569 14:10:52"
"MIS_260611-ABC","JOB-260530-63C","ประตูหลัง-ขวา","Hi-Kool CM - CM 05","","","","นัท","🆕 ลูกค้าใหม่","","11/6/2569 14:10:52"
"MIS_260611-781","JOB-260530-63C","บานฟิก-ซ้าย","Hi-Kool CM - CM 05","13","60","1","","🆕 ลูกค้าใหม่","","11/6/2569 14:10:52"
"MIS_260611-CB6","JOB-260530-6F5","บานหน้า","G-TEC - CM40","37","60","1","ต้น","🆕 ลูกค้าใหม่","","11/6/2569 14:11:49"
"MIS_260611-A71","JOB-260530-4F5","บานหน้า","Hi-Kool CM - CM 35","35","60","1","ต้น","🆕 ลูกค้าใหม่","","11/6/2569 14:13:41"
"MIS_260611-D13","JOB-260530-4F5","บานหลัง","Hi-Kool CM - CM 35","26","45","1","สดใส","🆕 ลูกค้าใหม่","","11/6/2569 14:13:41"
"MIS_260611-495","JOB-260530-4F5","ประตูหน้า-ซ้าย","Hi-Kool CM - CM 35","17","45","1","มาว","🆕 ลูกค้าใหม่","","11/6/2569 14:13:41"
"MIS_260611-936","JOB-260530-4F5","ประตูหน้า-ขวา","Hi-Kool CM - CM 35","17","45","1","นัท","🆕 ลูกค้าใหม่","","11/6/2569 14:13:41"
"MIS_260611-12D","JOB-260530-4F5","ประตูหลัง-ซ้าย","Hi-Kool CM - CM 35","20","33","1","เอ","🆕 ลูกค้าใหม่","","11/6/2569 14:13:41"
"MIS_260611-014","JOB-260530-4F5","ประตูหลัง-ขวา","Hi-Kool CM - CM 35","20","35","1","พลอย","🆕 ลูกค้าใหม่","","11/6/2569 14:13:41"
"MIS_260611-DB7","JOB-260530-4F5","บานฟิก-ซ้าย","Hi-Kool CM - CM 35","","","","","🆕 ลูกค้าใหม่","","11/6/2569 14:13:41"
"MIS_260611-0E5","JOB-260530-A12","บานหน้า","G-TEC - CM40","31","60","1","ต้น","🆕 ลูกค้าใหม่","","11/6/2569 14:15:31"
"MIS_260611-8B6","JOB-260530-A12","บานหลัง","G-TEC - CM30","29","50","1","นา","🆕 ลูกค้าใหม่","","11/6/2569 14:15:31"
"MIS_260611-CD4","JOB-260530-A12","ประตูหน้า-ซ้าย","G-TEC - CM30","31","50","1","มาว","🆕 ลูกค้าใหม่","","11/6/2569 14:15:31"
"MIS_260611-CF7","JOB-260530-A12","ประตูหน้า-ขวา","G-TEC - CM30","","","","นัท","🆕 ลูกค้าใหม่","","11/6/2569 14:15:31"
"MIS_260611-DBD","JOB-260530-A12","ประตูหลัง-ซ้าย","G-TEC - CM30","20","38","1","พลอย","🆕 ลูกค้าใหม่","","11/6/2569 14:15:31"
"MIS_260611-D4F","JOB-260530-A12","ประตูหลัง-ขวา","G-TEC - CM30","20","38","1","เอ","🆕 ลูกค้าใหม่","","11/6/2569 14:15:31"
"MIS_260611-1FB","JOB-260530-EF0","บานหน้า","3M Absolute  - AS35","36","60","1","ต้น","🆕 ลูกค้าใหม่","","11/6/2569 14:18:04"
"MIS_260611-B77","JOB-260530-EF0","บานหลัง","3M Absolute  - AS15","28","44","1","นา","🆕 ลูกค้าใหม่","","11/6/2569 14:18:04"
"MIS_260611-AA2","JOB-260530-EF0","ประตูหน้า-ซ้าย","3M Absolute  - AS15","16","44","1","มาว","🆕 ลูกค้าใหม่","","11/6/2569 14:18:04"
"MIS_260611-1B9","JOB-260530-EF0","ประตูหน้า-ขวา","3M Absolute  - AS15","16","44","1","นัท","🆕 ลูกค้าใหม่","","11/6/2569 14:18:04"
"MIS_260611-2EA","JOB-260530-EF0","ประตูหลัง-ซ้าย","3M Absolute  - AS15","30","46","1","เอ","🆕 ลูกค้าใหม่","","11/6/2569 14:18:04"
"MIS_260611-025","JOB-260530-EF0","ประตูหลัง-ขวา","3M Absolute  - AS15","","","","พลอย","🆕 ลูกค้าใหม่","","11/6/2569 14:18:04"
"MIS_260611-1C6","JOB-260530-EF0","บานฟิก-ซ้าย","3M Absolute  - AS15","","","","","🆕 ลูกค้าใหม่","","11/6/2569 14:18:04"
"MIS_260611-FE3","JOB-260530-DD5","บานหน้า","3M Ultra Clear - CM IR25","32","60","1","นา","🆕 ลูกค้าใหม่","","11/6/2569 14:19:59"
"MIS_260611-247","JOB-260530-DD5","บานหลัง","3M Ultra Clear - CM IR15","28","43","1","สดใส","🆕 ลูกค้าใหม่","","11/6/2569 14:19:59"
"MIS_260611-D16","JOB-260530-DD5","ประตูหน้า-ซ้าย","3M Ultra Clear - CM IR25","20","38","1","มาว","🆕 ลูกค้าใหม่","","11/6/2569 14:19:59"
"MIS_260611-AF9","JOB-260530-DD5","ประตูหน้า-ขวา","3M Ultra Clear - CM IR25","20","42","1","พลอย","🆕 ลูกค้าใหม่","","11/6/2569 14:19:59"
"MIS_260611-F08","JOB-260530-DD5","ประตูหลัง-ซ้าย","3M Ultra Clear - CM IR15","16","43","1","เอ","🆕 ลูกค้าใหม่","","11/6/2569 14:19:59"
"MIS_260611-CC4","JOB-260530-DD5","ประตูหลัง-ขวา","3M Ultra Clear - CM IR15","16","43","1","นัท","🆕 ลูกค้าใหม่","","11/6/2569 14:19:59"
"MIS_260611-A8D","JOB-260530-DD5","บานฟิก-ซ้าย","3M Ultra Clear - CM IR15","","","","","🆕 ลูกค้าใหม่","","11/6/2569 14:19:59"
"MIS_260611-5D5","JOB-260530-5C2","บานหน้า","3M Ultra Clear - CM IR35","35","60","1","ต้น","🆕 ลูกค้าใหม่","","11/6/2569 14:22:47"
"MIS_260611-121","JOB-260530-5C2","บานหลัง","3M Ultra Clear - CM IR25","21","40","1","นา","🆕 ลูกค้าใหม่","","11/6/2569 14:22:47"
"MIS_260611-FCB","JOB-260530-5C2","ประตูหน้า-ซ้าย","3M Ultra Clear - CM IR5","20","36","1","นัท","🆕 ลูกค้าใหม่","","11/6/2569 14:22:47"
"MIS_260611-8A7","JOB-260530-5C2","ประตูหน้า-ขวา","3M Ultra Clear - CM IR5","20","36","1","พลอย","🆕 ลูกค้าใหม่","","11/6/2569 14:22:47"
"MIS_260611-2E4","JOB-260530-5C2","ประตูหลัง-ซ้าย","3M Ultra Clear - CM IR5","20","36","1","เอ","🆕 ลูกค้าใหม่","","11/6/2569 14:22:47"
"MIS_260611-45A","JOB-260530-5C2","ประตูหลัง-ขวา","3M Ultra Clear - CM IR5","20","40","1","นัท","🆕 ลูกค้าใหม่","","11/6/2569 14:22:47"
"MIS_260611-A5A","JOB-260530-5C2","บานฟิก-ซ้าย","3M Ultra Clear - CM IR5","11","60","1","เอ","🆕 ลูกค้าใหม่","","11/6/2569 14:22:47"
"MIS_260611-08A","JOB-260530-FD0","บานหน้า","G-TEC - CM30","37","60","1","ต้น , นา","🆕 ลูกค้าใหม่","","11/6/2569 14:23:33"
"MIS_260611-C61","JOB-260530-4E5","บานหน้า","","29","60","1","ต้น","🆕 ลูกค้าใหม่","","11/6/2569 14:26:26"
"MIS_260611-1A4","JOB-260530-4E5","บานหลัง","","12","60","1","มาว","🆕 ลูกค้าใหม่","","11/6/2569 14:26:26"
"MIS_260611-C3B","JOB-260530-4E5","ประตูหน้า-ซ้าย","","20","35","1","พลอย","🆕 ลูกค้าใหม่","","11/6/2569 14:26:26"
"MIS_260611-F77","JOB-260530-4E5","ประตูหน้า-ขวา","","20","35","1","เอ","🆕 ลูกค้าใหม่","","11/6/2569 14:26:26"
"MIS_260611-6C5","JOB-260530-4E5","ประตูหลัง-ซ้าย","","20","60","1","นา","🆕 ลูกค้าใหม่","","11/6/2569 14:26:26"
"MIS_260611-298","JOB-260530-4E5","ประตูหลัง-ขวา","","","","","","🆕 ลูกค้าใหม่","","11/6/2569 14:26:26"
"MIS_260611-FC0","JOB-260530-4E5","บานฟิก-ซ้าย","","","","","","🆕 ลูกค้าใหม่","","11/6/2569 14:26:26"
"MIS_260611-86E","JOB-260530-E46","บานหน้า","Hi-Kool CM - CM 35","33","60","1","นา","🆕 ลูกค้าใหม่","","11/6/2569 14:29:47"
"MIS_260611-E22","JOB-260530-E46","บานหลัง","Hi-Kool CM - CM 05","29","44","1","สดใส","🆕 ลูกค้าใหม่","","11/6/2569 14:29:47"
"MIS_260611-C34","JOB-260530-E46","ประตูหน้า-ซ้าย","Hi-Kool CM - CM 20","20","44","1","มาว","🆕 ลูกค้าใหม่","","11/6/2569 14:29:47"
"MIS_260611-15D","JOB-260530-E46","ประตูหน้า-ขวา","Hi-Kool CM - CM 20","20","44","1","พลอย","🆕 ลูกค้าใหม่","","11/6/2569 14:29:47"
"MIS_260611-40A","JOB-260530-E46","ประตูหลัง-ซ้าย","Hi-Kool CM - CM 20","17","60","1","เอ","🆕 ลูกค้าใหม่","","11/6/2569 14:29:47"
"MIS_260611-F29","JOB-260530-E46","ประตูหลัง-ขวา","Hi-Kool CM - CM 20","","","","นัท","🆕 ลูกค้าใหม่","","11/6/2569 14:29:47"
"MIS_260611-D06","JOB-260530-E46","บานฟิก-ซ้าย","Hi-Kool CM - CM 20","","","","","🆕 ลูกค้าใหม่","","11/6/2569 14:29:47"
"MIS_260611-855","JOB-260530-886","บานหน้า","","","","","","🎞 (ฟิล์ม) ฟิล์มเสื่อมสภาพ","","11/6/2569 14:34:17"
"MIS_260611-CFC","JOB-260530-886","บานหลัง","G-TEC - CM20","14","60","1","","🎞 (ฟิล์ม) ฟิล์มเสื่อมสภาพ","","11/6/2569 14:34:17"
"MIS_260611-991","JOB-260530-886","ประตูหน้า-ซ้าย","G-TEC - CM20","20","60","1","","🎞 (ฟิล์ม) ฟิล์มเสื่อมสภาพ","","11/6/2569 14:34:17"
"MIS_260611-227","JOB-260530-886","ประตูหน้า-ขวา","G-TEC - CM20","20","60","1","","🎞 (ฟิล์ม) ฟิล์มเสื่อมสภาพ","","11/6/2569 14:34:17"
"MIS_260611-912","JOB-260530-886","ประตูหลัง-ซ้าย","G-TEC - CM20","20","60","1","เอ","🎞 (ฟิล์ม) ฟิล์มเสื่อมสภาพ","","11/6/2569 14:34:17"
"MIS_260611-1E2","JOB-260530-872","ประตูหน้า-ซ้าย","G-TEC - CM20","20","38","1","เอ","🎞 (ฟิล์ม) ฟิล์มเสื่อมสภาพ","","11/6/2569 14:38:23"
"MIS_260611-718","JOB-260530-2F7","บานหน้า","IZY-KOOL Ceramic - IZY 35","29","60","1","นัท","🆕 ลูกค้าใหม่","","11/6/2569 14:46:54"
"MIS_260611-359","JOB-260530-2F7","บานหลัง","IZY-KOOL Ceramic - IZY 20","14","60","1","นา","🆕 ลูกค้าใหม่","","11/6/2569 14:46:54"
"MIS_260611-B39","JOB-260530-2F7","ประตูหน้า-ซ้าย","IZY-KOOL Ceramic - IZY 20","20","40","1","นัท","🆕 ลูกค้าใหม่","","11/6/2569 14:46:54"
"MIS_260611-F82","JOB-260530-2F7","ประตูหน้า-ขวา","IZY-KOOL Ceramic - IZY 20","20","40","1","พลอย","🆕 ลูกค้าใหม่","","11/6/2569 14:46:54"
"MIS_260611-456","JOB-260530-2F7","ประตูหลัง-ซ้าย","IZY-KOOL Ceramic - IZY 15","20","40","1","","🆕 ลูกค้าใหม่","","11/6/2569 14:46:54"
"MIS_260611-FD4","JOB-260530-C15","บานหน้า","3M Ultra Clear - CM IR15","34","60","1","ต้น","🆕 ลูกค้าใหม่","","11/6/2569 14:48:38"
"MIS_260611-D12","JOB-260530-C15","บานหลัง","3M Ultra Clear - CM IR5","20","44","1","เอ","🆕 ลูกค้าใหม่","","11/6/2569 14:48:38"
"MIS_260611-934","JOB-260530-C15","ประตูหน้า-ซ้าย","3M Ultra Clear - CM IR5","20","44","1","มาว","🆕 ลูกค้าใหม่","","11/6/2569 14:48:38"
"MIS_260611-078","JOB-260530-C15","ประตูหน้า-ขวา","3M Ultra Clear - CM IR5","20","44","1","พลอย","🆕 ลูกค้าใหม่","","11/6/2569 14:48:38"
"MIS_260611-04F","JOB-260530-C15","ประตูหลัง-ซ้าย","3M Ultra Clear - CM IR5","18","60","1","เอ","🆕 ลูกค้าใหม่","","11/6/2569 14:48:38"
"MIS_260611-583","JOB-260530-C15","ประตูหลัง-ขวา","3M Ultra Clear - CM IR5","","","","มาว","🆕 ลูกค้าใหม่","","11/6/2569 14:48:38"
"MIS_260611-EF3","JOB-260530-C15","บานฟิก-ซ้าย","3M Ultra Clear - CM IR5","","","","","🆕 ลูกค้าใหม่","","11/6/2569 14:48:38"
"MIS_260611-711","JOB-260530-1A3","บานหน้า","3M Ceramate - CRM 35","29","65","1","นา","🆕 ลูกค้าใหม่","","11/6/2569 14:50:50"
"MIS_260611-967","JOB-260530-1A3","บานหลัง","3M Ceramate - CRM 15","22","60","1","ต้น","🆕 ลูกค้าใหม่","","11/6/2569 14:50:50"
"MIS_260611-727","JOB-260530-1A3","ประตูหน้า-ซ้าย","3M Ceramate - CRM 15","19","60","1","มาว","🆕 ลูกค้าใหม่","","11/6/2569 14:50:50"
"MIS_260611-349","JOB-260530-1A3","ประตูหน้า-ขวา","3M Ceramate - CRM 15","19","60","1","พลอย","🆕 ลูกค้าใหม่","","11/6/2569 14:50:50"
"MIS_260611-2DF","JOB-260530-1A3","ประตูหลัง-ซ้าย","3M Ceramate - CRM 15","21","60","1","เอ","🆕 ลูกค้าใหม่","","11/6/2569 14:50:50"
"MIS_260611-50B","JOB-260530-1A3","ประตูหลัง-ขวา","3M Ceramate - CRM 15","","","","นัท","🆕 ลูกค้าใหม่","","11/6/2569 14:50:50"
"MIS_260611-36B","JOB-260530-1A3","บานฟิก-ซ้าย","3M Ceramate - CRM 15","20","60","1","ต้น","🆕 ลูกค้าใหม่","","11/6/2569 14:50:50"
"MIS_260611-80F","JOB-260530-1A3","บานฟิก-ขวา","3M Ceramate - CRM 15","","","","","🆕 ลูกค้าใหม่","","11/6/2569 14:50:50"
"MIS_260611-909","JOB-260530-1A3","ซันรูฟ-ช่อง1","","","","","นัท","🆕 ลูกค้าใหม่","","11/6/2569 14:50:50"
"MIS_260611-C47","JOB-260530-BEE","บานหน้า","3M Ultra Clear - CM IR35","28","60","1","ต้น","🆕 ลูกค้าใหม่","","11/6/2569 14:52:57"
"MIS_260611-75D","JOB-260530-BEE","บานหลัง","3M Ultra Clear - CM IR15","20","46","1","สดใส","🆕 ลูกค้าใหม่","","11/6/2569 14:52:57"
"MIS_260611-B2C","JOB-260530-BEE","ประตูหน้า-ซ้าย","3M Ultra Clear - CM IR15","20","46","1","มาว","🆕 ลูกค้าใหม่","","11/6/2569 14:52:57"
"MIS_260611-658","JOB-260530-BEE","ประตูหน้า-ขวา","3M Ultra Clear - CM IR15","20","46","1","พลอย","🆕 ลูกค้าใหม่","","11/6/2569 14:52:57"
"MIS_260611-792","JOB-260530-BEE","ประตูหลัง-ซ้าย","3M Ultra Clear - CM IR15","17","60","1","นัท","🆕 ลูกค้าใหม่","","11/6/2569 14:52:57"
"MIS_260611-1F9","JOB-260530-BEE","ประตูหลัง-ขวา","3M Ultra Clear - CM IR15","","","","พลอย","🆕 ลูกค้าใหม่","","11/6/2569 14:52:57"
"MIS_260611-72B","JOB-260530-BEE","บานฟิก-ซ้าย","3M Ultra Clear - CM IR15","12","60","1","","🆕 ลูกค้าใหม่","","11/6/2569 14:52:57"
"MIS_260611-EA4","JOB-260518-CE5","บานหน้า","3M Ultra Clear - CM IR35","31","60","1","วัล","🆕 ลูกค้าใหม่","","11/6/2569 14:54:33"
"MIS_260611-C73","JOB-260518-CE5","บานหลัง","3M Ultra Clear - CM IR5","20","40","1","สดใส","🆕 ลูกค้าใหม่","","11/6/2569 14:54:33"
"MIS_260611-DC6","JOB-260518-CE5","ประตูหน้า-ซ้าย","3M Ultra Clear - CM IR15","20","38","1","ต้น","🆕 ลูกค้าใหม่","","11/6/2569 14:54:33"
"MIS_260611-ACC","JOB-260518-CE5","ประตูหน้า-ขวา","3M Ultra Clear - CM IR15","20","38","1","ต้น","🆕 ลูกค้าใหม่","","11/6/2569 14:54:33"
"MIS_260611-326","JOB-260518-CE5","ประตูหลัง-ซ้าย","3M Ultra Clear - CM IR5","20","40","1","เอ","🆕 ลูกค้าใหม่","","11/6/2569 14:54:33"
"MIS_260611-81E","JOB-260518-CE5","ประตูหลัง-ขวา","3M Ultra Clear - CM IR5","20","40","1","นา","🆕 ลูกค้าใหม่","","11/6/2569 14:54:33"
"MIS_260611-C9A","JOB-260518-CE5","บานฟิก-ซ้าย","3M Ultra Clear - CM IR5","","","","","🆕 ลูกค้าใหม่","","11/6/2569 14:54:33"
"MIS_260611-DAB","JOB-260518-CE5","บานฟิก-ขวา","3M Ultra Clear - CM IR5","","","","","🆕 ลูกค้าใหม่","","11/6/2569 14:54:33"
"MIS_260611-DA2","JOB-260518-CE5","ซันรูฟ-ช่อง1","3M Ultra Clear - CM IR15","39","52","1","เอ , นา","🆕 ลูกค้าใหม่","","11/6/2569 14:54:33"
"MIS_260611-A0A","JOB-260518-AA6","บานหน้า","3M Absolute  - AS35","31","60","1","","🆕 ลูกค้าใหม่","","11/6/2569 14:55:13"
"MIS_260611-3D4","JOB-260518-D47","บานหน้า","G-TEC - CM80","30","60","1","ต้น","🆕 ลูกค้าใหม่","","11/6/2569 14:56:42"
"MIS_260611-4CE","JOB-260518-D47","บานหลัง","G-TEC - CM80","30","60","1","สดใส","🆕 ลูกค้าใหม่","","11/6/2569 14:56:42"
"MIS_260611-D28","JOB-260518-D47","ประตูหน้า-ซ้าย","G-TEC - CM40","20","39","1","มาว","🆕 ลูกค้าใหม่","","11/6/2569 14:56:42"
"MIS_260611-8C8","JOB-260518-D47","ประตูหน้า-ขวา","G-TEC - CM40","20","39","1","นา","🆕 ลูกค้าใหม่","","11/6/2569 14:56:42"
"MIS_260611-664","JOB-260518-D47","ประตูหลัง-ซ้าย","G-TEC - CM40","20","39","1","เอ","🆕 ลูกค้าใหม่","","11/6/2569 14:56:42"
"MIS_260611-73F","JOB-260518-D47","ประตูหลัง-ขวา","G-TEC - CM40","","","","เอ","🆕 ลูกค้าใหม่","","11/6/2569 14:56:42"
"MIS_260611-9E0","JOB-260518-D47","บานฟิก-ซ้าย","G-TEC - CM40","","","","","🆕 ลูกค้าใหม่","","11/6/2569 14:56:42"
"MIS_260611-56B","JOB-260518-42E","บานหน้า","Hi-Kool Beyond - BY20","30","60","1","วัล","🆕 ลูกค้าใหม่","","11/6/2569 14:58:18"
"MIS_260611-353","JOB-260518-42E","บานหลัง","Hi-Kool Beyond - BY05","27","44","1","นา","🆕 ลูกค้าใหม่","","11/6/2569 14:58:18"
"MIS_260611-D2C","JOB-260518-42E","ประตูหน้า-ซ้าย","Hi-Kool Beyond - BY05","16.5","44","1","ต้น","🆕 ลูกค้าใหม่","","11/6/2569 14:58:18"
"MIS_260611-D61","JOB-260518-42E","ประตูหน้า-ขวา","Hi-Kool Beyond - BY05","16.5","44","1","มาว","🆕 ลูกค้าใหม่","","11/6/2569 14:58:18"
"MIS_260611-33F","JOB-260518-42E","ประตูหลัง-ซ้าย","Hi-Kool Beyond - BY05","20","38","1","ต้น","🆕 ลูกค้าใหม่","","11/6/2569 14:58:18"
"MIS_260611-26F","JOB-260518-42E","ประตูหลัง-ขวา","Hi-Kool Beyond - BY05","20","35","1","มาว","🆕 ลูกค้าใหม่","","11/6/2569 14:58:18"
"MIS_260611-A3E","JOB-260518-42E","บานฟิก-ซ้าย","Hi-Kool Beyond - BY05","","","","","🆕 ลูกค้าใหม่","","11/6/2569 14:58:18"
"MIS_260611-62F","JOB-260519-956","บานหน้า","3M Absolute  - AS35","34","60","1","ต้น","🆕 ลูกค้าใหม่","","11/6/2569 14:59:54"
"MIS_260611-4CC","JOB-260519-956","บานหลัง","3M Absolute  - AS15","26","44","1","เอ","🆕 ลูกค้าใหม่","","11/6/2569 14:59:54"
"MIS_260611-E65","JOB-260519-956","ประตูหน้า-ซ้าย","3M Absolute  - AS15","17","44","1","เอ","🆕 ลูกค้าใหม่","","11/6/2569 14:59:54"
"MIS_260611-18C","JOB-260519-956","ประตูหน้า-ขวา","3M Absolute  - AS15","17","44","1","นา","🆕 ลูกค้าใหม่","","11/6/2569 14:59:54"
"MIS_260611-FFD","JOB-260519-956","ประตูหลัง-ซ้าย","3M Absolute  - AS15","18","60","1","วัล","🆕 ลูกค้าใหม่","","11/6/2569 14:59:54"
"MIS_260611-A2C","JOB-260519-956","ประตูหลัง-ขวา","3M Absolute  - AS15","","","","มาว","🆕 ลูกค้าใหม่","","11/6/2569 14:59:54"
"MIS_260611-839","JOB-260519-956","บานฟิก-ซ้าย","3M Absolute  - AS15","","","","","🆕 ลูกค้าใหม่","","11/6/2569 14:59:54"
"MIS_260611-00C","JOB-260519-2BD","บานหน้า","3M Absolute  - AS35","32","60","1","ต้น","🆕 ลูกค้าใหม่","","11/6/2569 15:00:28"
"MIS_260611-2F5","JOB-260519-539","ประตูหลัง-ซ้าย","3M Ultra Clear - CM IR15","20","42","1","นา","🆕 ลูกค้าใหม่","","11/6/2569 15:01:09"
"MIS_260611-7DC","JOB-260519-539","ประตูหลัง-ขวา","3M Ultra Clear - CM IR15","20","42","1","ต้น","🆕 ลูกค้าใหม่","","11/6/2569 15:01:09"
"MIS_260611-9F8","JOB-260519-B62","บานหน้า","Hi-Kool CM - CM 35","37","60","1","วัล , นา","🆕 ลูกค้าใหม่","","11/6/2569 15:01:43"
"MIS_260611-B80","JOB-260519-DC1","บานหน้า","3M Ceramate - CRM 35","37","60","1","ต้น","🆕 ลูกค้าใหม่","","11/6/2569 15:03:50"
"MIS_260611-5D2","JOB-260519-DC1","บานหลัง","3M Ceramate - CRM 15","27","37","1","สดใส","🆕 ลูกค้าใหม่","","11/6/2569 15:03:50"
"MIS_260611-F1A","JOB-260519-DC1","ประตูหน้า-ซ้าย","3M Ceramate - CRM 15","20","42","1","มาว","🆕 ลูกค้าใหม่","","11/6/2569 15:03:50"
"MIS_260611-A0E","JOB-260519-DC1","ประตูหน้า-ขวา","3M Ceramate - CRM 15","20","42","1","นา","🆕 ลูกค้าใหม่","","11/6/2569 15:03:50"
"MIS_260611-8C6","JOB-260519-DC1","ประตูหลัง-ซ้าย","3M Ceramate - CRM 15","20","34","1","เอ","🆕 ลูกค้าใหม่","","11/6/2569 15:03:50"
"MIS_260611-368","JOB-260519-DC1","ประตูหลัง-ขวา","3M Ceramate - CRM 15","20","34","1","นา","🆕 ลูกค้าใหม่","","11/6/2569 15:03:50"
"MIS_260611-CC6","JOB-260519-DC1","บานฟิก-ซ้าย","3M Ceramate - CRM 15","","","","เอ","🆕 ลูกค้าใหม่","","11/6/2569 15:03:50"
"MIS_260611-306","JOB-260519-DC1","บานฟิก-ขวา","3M Ceramate - CRM 15","","","","","🆕 ลูกค้าใหม่","","11/6/2569 15:03:50"
"MIS_260611-D24","JOB-260519-438","บานหน้า","3M Ceramate - CRM 35","36","60","1","วัล","🆕 ลูกค้าใหม่","","11/6/2569 15:04:35"
"MIS_260611-7B8","JOB-260520-FA9","บานหลัง","3M CM Plus - Cm+15","26","58","1","นา","🆕 ลูกค้าใหม่","","11/6/2569 15:05:13"
"MIS_260611-E69","JOB-260521-A7E","บานหน้า","3M Absolute  - AS35","38","60","1","วัล","🆕 ลูกค้าใหม่","","11/6/2569 15:06:58"
"MIS_260611-060","JOB-260521-A7E","บานหลัง","3M Absolute  - AS15","20","44","1","สดใส","🆕 ลูกค้าใหม่","","11/6/2569 15:06:58"
"MIS_260611-841","JOB-260521-A7E","ประตูหน้า-ซ้าย","3M Absolute  - AS15","20","44","1","มาว","🆕 ลูกค้าใหม่","","11/6/2569 15:06:58"
"MIS_260611-396","JOB-260521-A7E","ประตูหน้า-ขวา","3M Absolute  - AS15","20","44","1","นา","🆕 ลูกค้าใหม่","","11/6/2569 15:06:58"
"MIS_260611-3DF","JOB-260521-A7E","ประตูหลัง-ซ้าย","3M Absolute  - AS15","20","60","1","เอ","🆕 ลูกค้าใหม่","","11/6/2569 15:06:58"
"MIS_260611-D4D","JOB-260521-A7E","ประตูหลัง-ขวา","3M Absolute  - AS15","","","","เอ","🆕 ลูกค้าใหม่","","11/6/2569 15:06:58"
"MIS_260611-0C7","JOB-260521-A7E","บานฟิก-ซ้าย","3M Absolute  - AS15","12","60","1","","🆕 ลูกค้าใหม่","","11/6/2569 15:06:58"
"MIS_260611-DB9","JOB-260521-A7E","บานฟิก-ขวา","3M Absolute  - AS15","","","","","🆕 ลูกค้าใหม่","","11/6/2569 15:06:58"
"MIS_260611-576","JOB-260521-E82","บานหน้า","Hi-Kool CM - CM 35","31","60","1","วัล","🆕 ลูกค้าใหม่","","11/6/2569 15:08:48"
"MIS_260611-D70","JOB-260521-E82","บานหลัง","Hi-Kool CM - CM 20","28","50","1","สดใส","🆕 ลูกค้าใหม่","","11/6/2569 15:08:48"
"MIS_260611-6C8","JOB-260521-E82","ประตูหน้า-ซ้าย","Hi-Kool CM - CM 35","20","38","1","มาว","🆕 ลูกค้าใหม่","","11/6/2569 15:08:48"
"MIS_260611-0FB","JOB-260521-E82","ประตูหน้า-ขวา","Hi-Kool CM - CM 35","17","60","1","นา","🆕 ลูกค้าใหม่","","11/6/2569 15:08:48"
"MIS_260611-E79","JOB-260521-E82","ประตูหลัง-ซ้าย","Hi-Kool CM - CM 20","16","50","1","เอ","🆕 ลูกค้าใหม่","","11/6/2569 15:08:48"
"MIS_260611-CED","JOB-260521-E82","ประตูหลัง-ขวา","Hi-Kool CM - CM 20","16","50","1","นา","🆕 ลูกค้าใหม่","","11/6/2569 15:08:48"
"MIS_260611-E24","JOB-260521-E82","บานฟิก-ซ้าย","Hi-Kool CM - CM 20","","","","","🆕 ลูกค้าใหม่","","11/6/2569 15:08:48"
"MIS_260611-8DE","JOB-260521-C87","บานหน้า","Hi-Kool CM - CM 35","35","60","1","ต้น","🆕 ลูกค้าใหม่","","11/6/2569 15:10:20"
"MIS_260611-C52","JOB-260521-C87","บานหลัง","Hi-Kool CM - CM 20","29","50","1","นา","🆕 ลูกค้าใหม่","","11/6/2569 15:10:20"
"MIS_260611-BC2","JOB-260521-C87","ประตูหน้า-ซ้าย","Hi-Kool CM - CM 20","31","50","1","มาว","🆕 ลูกค้าใหม่","","11/6/2569 15:10:20"
"MIS_260611-39C","JOB-260521-C87","ประตูหน้า-ขวา","Hi-Kool CM - CM 20","","","","วัล","🆕 ลูกค้าใหม่","","11/6/2569 15:10:20"
"MIS_260611-C0F","JOB-260521-C87","ประตูหลัง-ซ้าย","Hi-Kool CM - CM 20","18","60","1","มาว","🆕 ลูกค้าใหม่","","11/6/2569 15:10:20"
"MIS_260611-1BB","JOB-260521-C87","ประตูหลัง-ขวา","Hi-Kool CM - CM 20","","","","เอ","🆕 ลูกค้าใหม่","","11/6/2569 15:10:20"
"MIS_260611-536","JOB-260521-C87","บานฟิก-ซ้าย","Hi-Kool CM - CM 20","","","","","🆕 ลูกค้าใหม่","","11/6/2569 15:10:20"
"MIS_260611-240","JOB-260521-60E","บานหน้า","3M Absolute  - AS35","32","60","1","ต้น","🆕 ลูกค้าใหม่","","11/6/2569 15:11:32"
"MIS_260611-98C","JOB-260521-60E","ประตูหน้า-ซ้าย","3M Absolute  - AS35","20","42","1","ต้น","🆕 ลูกค้าใหม่","","11/6/2569 15:11:32"
"MIS_260611-D58","JOB-260521-60E","ประตูหน้า-ขวา","3M Absolute  - AS35","20","42","1","ต้น","🆕 ลูกค้าใหม่","","11/6/2569 15:11:32"
"MIS_260611-EA2","JOB-260521-FEA","บานหน้า","Hi-Kool R - R34HC","34","60","1","วัล","🆕 ลูกค้าใหม่","","11/6/2569 15:13:03"
"MIS_260611-DE4","JOB-260521-FEA","บานหลัง","Hi-Kool R - R90HC","29","50","1","สดใส","🆕 ลูกค้าใหม่","","11/6/2569 15:13:03"
"MIS_260611-5D1","JOB-260521-FEA","ประตูหน้า-ซ้าย","Hi-Kool R - R90HC","31","50","1","มาว","🆕 ลูกค้าใหม่","","11/6/2569 15:13:03"
"MIS_260611-8E1","JOB-260521-FEA","ประตูหน้า-ขวา","Hi-Kool R - R90HC","","","","นา","🆕 ลูกค้าใหม่","","11/6/2569 15:13:03"
"MIS_260611-BC0","JOB-260521-FEA","ประตูหลัง-ซ้าย","Hi-Kool R - R90HC","18","60","1","เอ","🆕 ลูกค้าใหม่","","11/6/2569 15:13:03"
"MIS_260611-963","JOB-260521-FEA","ประตูหลัง-ขวา","Hi-Kool R - R90HC","","","","นา","🆕 ลูกค้าใหม่","","11/6/2569 15:13:03"
"MIS_260611-180","JOB-260521-FEA","บานฟิก-ซ้าย","Hi-Kool R - R90HC","","","","","🆕 ลูกค้าใหม่","","11/6/2569 15:13:03"
"MIS_260611-CF2","JOB-260521-EDA","บานหน้า","3M Crystalline - C20","34","60","1","ต้น","🆕 ลูกค้าใหม่","","11/6/2569 15:14:59"
"MIS_260611-B17","JOB-260521-EDA","บานหลัง","3M Crystalline - C20","20","41","1","นา","🆕 ลูกค้าใหม่","","11/6/2569 15:14:59"
"MIS_260611-B00","JOB-260521-EDA","ประตูหน้า-ซ้าย","3M Crystalline - C20","20","41","1","ต้น","🆕 ลูกค้าใหม่","","11/6/2569 15:14:59"
"MIS_260611-C42","JOB-260521-EDA","ประตูหน้า-ขวา","3M Crystalline - C20","20","41","1","นา","🆕 ลูกค้าใหม่","","11/6/2569 15:14:59"
"MIS_260611-BD1","JOB-260521-EDA","ประตูหลัง-ซ้าย","3M Crystalline - C20","20","34","1","มาว","🆕 ลูกค้าใหม่","","11/6/2569 15:14:59"
"MIS_260611-451","JOB-260521-EDA","ประตูหลัง-ขวา","3M Crystalline - C20","20","32","1","เอ","🆕 ลูกค้าใหม่","","11/6/2569 15:14:59"
"MIS_260611-24A","JOB-260521-EDA","บานฟิก-ซ้าย","3M Crystalline - C20","","","","","🆕 ลูกค้าใหม่","","11/6/2569 15:14:59"
"MIS_260611-5C6","JOB-260521-EDA","บานฟิก-ขวา","3M Crystalline - C20","","","","","🆕 ลูกค้าใหม่","","11/6/2569 15:14:59"
"MIS_260611-412","JOB-260521-EDA","ซันรูฟ-ช่อง1","3M Crystalline - C20","20","32","1","นา","🆕 ลูกค้าใหม่","","11/6/2569 15:14:59"
"MIS_260611-587","JOB-260521-B6B","บานหน้า","3M Absolute  - AS35","32","60","1","วัล","🆕 ลูกค้าใหม่","","11/6/2569 15:16:33"
"MIS_260611-2D9","JOB-260521-B6B","บานหลัง","3M Absolute  - AS35","28","50","1","สดใส","🆕 ลูกค้าใหม่","","11/6/2569 15:16:33"
"MIS_260611-9DC","JOB-260521-B6B","ประตูหน้า-ซ้าย","3M Absolute  - AS35","32","50","1","มาว","🆕 ลูกค้าใหม่","","11/6/2569 15:16:33"
"MIS_260611-1CC","JOB-260521-B6B","ประตูหน้า-ขวา","3M Absolute  - AS35","","","","เอ","🆕 ลูกค้าใหม่","","11/6/2569 15:16:33"
"MIS_260611-5BC","JOB-260521-B6B","ประตูหลัง-ซ้าย","3M Absolute  - AS35","20","35","1","มาว","🆕 ลูกค้าใหม่","","11/6/2569 15:16:33"
"MIS_260611-096","JOB-260521-B6B","ประตูหลัง-ขวา","3M Absolute  - AS35","20","37","1","เอ","🆕 ลูกค้าใหม่","","11/6/2569 15:16:33"
"MIS_260611-B0A","JOB-260521-B6B","บานฟิก-ซ้าย","3M Absolute  - AS35","","","","","🆕 ลูกค้าใหม่","","11/6/2569 15:16:33"
"MIS_260611-C93","JOB-260519-609","บานหน้า","G-TEC - CM30","28","60","1","วัล","🆕 ลูกค้าใหม่","","11/6/2569 15:18:01"
"MIS_260611-27B","JOB-260519-609","บานหลัง","G-TEC - CM20","12","60","1","เอ","🆕 ลูกค้าใหม่","","11/6/2569 15:18:01"
"MIS_260611-E3A","JOB-260519-609","ประตูหน้า-ซ้าย","G-TEC - CM20","20","38","1","มาว","🆕 ลูกค้าใหม่","","11/6/2569 15:18:01"
"MIS_260611-382","JOB-260519-609","ประตูหน้า-ขวา","G-TEC - CM20","20","38","1","นา","🆕 ลูกค้าใหม่","","11/6/2569 15:18:01"
"MIS_260611-800","JOB-260519-609","ประตูหลัง-ซ้าย","","","","","","🆕 ลูกค้าใหม่","","11/6/2569 15:18:01"
"MIS_260611-A58","JOB-260519-609","ประตูหลัง-ขวา","","","","","","🆕 ลูกค้าใหม่","","11/6/2569 15:18:01"
"MIS_260611-477","JOB-260519-609","บานฟิก-ซ้าย","G-TEC - CM20","20","38","1","เอ","🆕 ลูกค้าใหม่","","11/6/2569 15:18:01"
"MIS_260611-1B6","JOB-260522-A9B","บานหน้า","G-TEC - CM40","30","60","1","ต้น","🆕 ลูกค้าใหม่","","11/6/2569 15:19:23"
"MIS_260611-785","JOB-260522-A9B","บานหลัง","G-TEC - CM15","20","43","1","สดใส","🆕 ลูกค้าใหม่","","11/6/2569 15:19:23"
"MIS_260611-EFF","JOB-260522-A9B","ประตูหน้า-ซ้าย","G-TEC - CM20","20","35","1","มาว","🆕 ลูกค้าใหม่","","11/6/2569 15:19:23"
"MIS_260611-3CF","JOB-260522-A9B","ประตูหน้า-ขวา","G-TEC - CM20","20","35","1","นา","🆕 ลูกค้าใหม่","","11/6/2569 15:19:23"
"MIS_260611-A2A","JOB-260522-A9B","ประตูหลัง-ซ้าย","G-TEC - CM15","20","43","1","เอ","🆕 ลูกค้าใหม่","","11/6/2569 15:19:23"
"MIS_260611-66D","JOB-260522-A9B","ประตูหลัง-ขวา","G-TEC - CM15","20","43","1","วัล","🆕 ลูกค้าใหม่","","11/6/2569 15:19:23"
"MIS_260611-6CD","JOB-260522-A9B","บานฟิก-ซ้าย","G-TEC - CM15","","","","","🆕 ลูกค้าใหม่","","11/6/2569 15:19:23"
"MIS_260611-CF8","JOB-260522-D9E","บานหน้า","3M Absolute  - AS15","33","60","1","วัล , ต้น","🆕 ลูกค้าใหม่","","11/6/2569 15:21:21"
"MIS_260611-6D2","JOB-260522-D9E","บานหลัง","3M Absolute  - AS5","12","60","1","สดใส","🆕 ลูกค้าใหม่","","11/6/2569 15:21:21"
"MIS_260611-63F","JOB-260522-D9E","ประตูหน้า-ซ้าย","3M Absolute  - AS5","20","60","1","มาว","🆕 ลูกค้าใหม่","","11/6/2569 15:21:21"
"MIS_260611-A55","JOB-260522-D9E","ประตูหน้า-ขวา","3M Absolute  - AS5","","","","นา","🆕 ลูกค้าใหม่","","11/6/2569 15:21:21"
"MIS_260611-869","JOB-260522-D9E","ประตูหลัง-ซ้าย","3M Absolute  - AS5","20","60","1","เอ","🆕 ลูกค้าใหม่","","11/6/2569 15:21:21"
"MIS_260611-833","JOB-260522-D9E","ประตูหลัง-ขวา","3M Absolute  - AS5","","","","นา","🆕 ลูกค้าใหม่","","11/6/2569 15:21:21"
"MIS_260611-6F9","JOB-260520-9DF","บานหน้า","3M Ceramate - CRM 35","31","65","1","วัล","🆕 ลูกค้าใหม่","","11/6/2569 15:23:53"
"MIS_260611-945","JOB-260520-9DF","บานหลัง","3M Ceramate - CRM 15","24","55","1","สดใส","🆕 ลูกค้าใหม่","","11/6/2569 15:23:53"
"MIS_260611-A67","JOB-260520-9DF","ประตูหน้า-ซ้าย","3M Ceramate - CRM 15","18","55","1","เอ","🆕 ลูกค้าใหม่","","11/6/2569 15:23:53"
"MIS_260611-515","JOB-260520-9DF","ประตูหน้า-ขวา","3M Ceramate - CRM 15","18","55","1","นา","🆕 ลูกค้าใหม่","","11/6/2569 15:23:53"
"MIS_260611-BA5","JOB-260520-9DF","ประตูหลัง-ซ้าย","3M Ceramate - CRM 5","20","55","1","ต้น","🆕 ลูกค้าใหม่","","11/6/2569 15:23:53"
"MIS_260611-6E1","JOB-260520-9DF","ประตูหลัง-ขวา","3M Ceramate - CRM 5","","","","นา","🆕 ลูกค้าใหม่","","11/6/2569 15:23:53"
"MIS_260611-DF3","JOB-260520-9DF","บานฟิก-ซ้าย","3M Ceramate - CRM 5","20","55","1","","🆕 ลูกค้าใหม่","","11/6/2569 15:23:53"
"MIS_260611-96F","JOB-260523-540","บานหน้า","3M Absolute  - AS15","32","60","1","ต้น","🛠 (ช่าง) เม็ดฝุ่น","","11/6/2569 15:27:44"
"MIS_260611-259","JOB-260519-392","บานหน้า","Hi-Kool CM - CM 35","30","60","1","ต้น","🆕 ลูกค้าใหม่","","11/6/2569 15:29:05"
"MIS_260611-562","JOB-260519-392","บานหลัง","Hi-Kool CM - CM 20","37","50","1","สดใส","🆕 ลูกค้าใหม่","","11/6/2569 15:29:05"
"MIS_260611-F2D","JOB-260519-392","ประตูหน้า-ซ้าย","Hi-Kool CM - CM 20","33","50","1","มาว","🆕 ลูกค้าใหม่","","11/6/2569 15:29:05"
"MIS_260611-762","JOB-260519-392","ประตูหน้า-ขวา","Hi-Kool CM - CM 20","","","","นา","🆕 ลูกค้าใหม่","","11/6/2569 15:29:05"
"MIS_260611-598","JOB-260519-392","ประตูหลัง-ซ้าย","Hi-Kool CM - CM 20","18","60","1","มาว","🆕 ลูกค้าใหม่","","11/6/2569 15:29:05"
"MIS_260611-2BB","JOB-260519-392","ประตูหลัง-ขวา","Hi-Kool CM - CM 20","","","","เอ","🆕 ลูกค้าใหม่","","11/6/2569 15:29:05"
"MIS_260611-5F7","JOB-260519-392","บานฟิก-ซ้าย","Hi-Kool CM - CM 20","","","","","🆕 ลูกค้าใหม่","","11/6/2569 15:29:05"
"MIS_260611-401","JOB-260522-006","บานหน้า","Hi-Kool Beyond - BY30","34","60","1","วัล","🆕 ลูกค้าใหม่","","11/6/2569 15:30:34"
"MIS_260611-9A6","JOB-260522-006","บานหลัง","Hi-Kool Beyond - BY30","27","42","1","สดใส","🆕 ลูกค้าใหม่","","11/6/2569 15:30:34"
"MIS_260611-079","JOB-260522-006","ประตูหน้า-ซ้าย","Hi-Kool Beyond - BY20","20","35","1","มาว","🆕 ลูกค้าใหม่","","11/6/2569 15:30:34"
"MIS_260611-50A","JOB-260522-006","ประตูหน้า-ขวา","Hi-Kool Beyond - BY20","20","35","1","นา","🆕 ลูกค้าใหม่","","11/6/2569 15:30:34"
"MIS_260611-14A","JOB-260522-006","ประตูหลัง-ซ้าย","Hi-Kool Beyond - BY20","18","60","1","มาว","🆕 ลูกค้าใหม่","","11/6/2569 15:30:34"
"MIS_260611-07E","JOB-260522-006","ประตูหลัง-ขวา","Hi-Kool Beyond - BY20","","","","นา","🆕 ลูกค้าใหม่","","11/6/2569 15:30:34"
"MIS_260611-19A","JOB-260522-006","บานฟิก-ซ้าย","Hi-Kool Beyond - BY20","","","","สดใส","🆕 ลูกค้าใหม่","","11/6/2569 15:30:34"
"MIS_260611-E9C","JOB-260522-006","บานฟิก-ขวา","Hi-Kool Beyond - BY20","","","","","🆕 ลูกค้าใหม่","","11/6/2569 15:30:34"
"MIS_260611-B3B","JOB-260522-3C9","บานหน้า","Hi-Kool CM - CM 20","29","60","1","วัล","🆕 ลูกค้าใหม่","","11/6/2569 15:34:23"
"MIS_260611-892","JOB-260522-3C9","บานหลัง","Hi-Kool CM - CM 05","20","45","1","สดใส","🆕 ลูกค้าใหม่","","11/6/2569 15:34:23"
"MIS_260611-1D5","JOB-260522-3C9","ประตูหน้า-ซ้าย","Hi-Kool CM - CM 05","20","45","1","มาว","🆕 ลูกค้าใหม่","","11/6/2569 15:34:23"
"MIS_260611-230","JOB-260522-3C9","ประตูหน้า-ขวา","Hi-Kool CM - CM 05","20","45","1","วัล","🆕 ลูกค้าใหม่","","11/6/2569 15:34:23"
"MIS_260611-094","JOB-260522-3C9","ประตูหลัง-ซ้าย","Hi-Kool CM - CM 05","20","60","1","นา","🆕 ลูกค้าใหม่","","11/6/2569 15:34:23"
"MIS_260611-199","JOB-260522-3C9","ประตูหลัง-ขวา","Hi-Kool CM - CM 05","","","","เอ","🆕 ลูกค้าใหม่","","11/6/2569 15:34:23"
"MIS_260611-ED4","JOB-260522-3C9","บานฟิก-ซ้าย","Hi-Kool CM - CM 05","11","60","1","สดใส","🆕 ลูกค้าใหม่","","11/6/2569 15:34:23"
"MIS_260611-3AC","JOB-260522-B2E","บานหน้า","3M Ceramate - CRM 35","32","60","1","ต้น","🆕 ลูกค้าใหม่","","11/6/2569 15:36:14"
"MIS_260611-BC6","JOB-260522-B2E","บานหลัง","3M Ceramate - CRM 15","26","44","1","เอ","🆕 ลูกค้าใหม่","","11/6/2569 15:36:14"
"MIS_260611-596","JOB-260522-B2E","ประตูหน้า-ซ้าย","3M Ceramate - CRM 15","17","44","1","มาว","🆕 ลูกค้าใหม่","","11/6/2569 15:36:14"
"MIS_260611-629","JOB-260522-B2E","ประตูหน้า-ขวา","3M Ceramate - CRM 15","17","44","1","นา","🆕 ลูกค้าใหม่","","11/6/2569 15:36:14"
"MIS_260611-C50","JOB-260522-B2E","ประตูหลัง-ซ้าย","3M Ceramate - CRM 15","20","34","1","มาว","🆕 ลูกค้าใหม่","","11/6/2569 15:36:14"
"MIS_260611-568","JOB-260522-B2E","ประตูหลัง-ขวา","3M Ceramate - CRM 15","18","35","1","นา","🆕 ลูกค้าใหม่","","11/6/2569 15:36:14"
"MIS_260611-DEC","JOB-260522-B2E","บานฟิก-ซ้าย","3M Ceramate - CRM 15","","","","","🆕 ลูกค้าใหม่","","11/6/2569 15:36:14"
"MIS_260611-DBF","JOB-260525-704","บานหน้า","3M Ultra Clear - CM IR35","33","60","1","วัล","🆕 ลูกค้าใหม่","","11/6/2569 15:37:55"
"MIS_260611-560","JOB-260525-704","บานหลัง","3M Ultra Clear - CM IR15","24","46","1","เอ","🆕 ลูกค้าใหม่","","11/6/2569 15:37:55"
"MIS_260611-C26","JOB-260525-704","ประตูหน้า-ซ้าย","3M Ultra Clear - CM IR15","18","46","1","มาว","🆕 ลูกค้าใหม่","","11/6/2569 15:37:55"
"MIS_260611-C7A","JOB-260525-704","ประตูหน้า-ขวา","3M Ultra Clear - CM IR15","18","46","1","นา","🆕 ลูกค้าใหม่","","11/6/2569 15:37:55"
"MIS_260611-D5B","JOB-260525-704","ประตูหลัง-ซ้าย","3M Ultra Clear - CM IR15","20","43","1","มาว","🆕 ลูกค้าใหม่","","11/6/2569 15:37:55"
"MIS_260611-95D","JOB-260525-704","ประตูหลัง-ขวา","3M Ultra Clear - CM IR15","20","35","1","นา","🆕 ลูกค้าใหม่","","11/6/2569 15:37:55"
"MIS_260611-DCA","JOB-260525-704","บานฟิก-ซ้าย","3M Ultra Clear - CM IR15","","","","","🆕 ลูกค้าใหม่","","11/6/2569 15:37:55"
"MIS_260611-A23","JOB-260525-1E1","บานหน้า","AmericanKing Ultra UV400 - AmericanKing UltraUV400 - Ultra UV15","34","67","1","ต้น","🆕 ลูกค้าใหม่","","11/6/2569 15:42:07"
"MIS_260611-52D","JOB-260525-1E1","บานหลัง","AmericanKing Ultra UV400 - AmericanKing UltraUV400 - Ultra UV05","21","59","1","สดใส","🆕 ลูกค้าใหม่","","11/6/2569 15:42:07"
"MIS_260611-EA6","JOB-260525-1E1","ประตูหน้า-ซ้าย","AmericanKing Ultra UV400 - AmericanKing UltraUV400 - Ultra UV15","26","67","1","เอ","🆕 ลูกค้าใหม่","","11/6/2569 15:42:07"
"MIS_260611-5A2","JOB-260525-1E1","ประตูหน้า-ขวา","AmericanKing Ultra UV400 - AmericanKing UltraUV400 - Ultra UV15","","","","มาว","🆕 ลูกค้าใหม่","","11/6/2569 15:42:07"
"MIS_260611-99E","JOB-260525-1E1","ประตูหลัง-ซ้าย","AmericanKing Ultra UV400 - AmericanKing UltraUV400 - Ultra UV05","21","60","1","นา","🆕 ลูกค้าใหม่","","11/6/2569 15:42:07"
"MIS_260611-16F","JOB-260525-1E1","ประตูหลัง-ขวา","AmericanKing Ultra UV400 - AmericanKing UltraUV400 - Ultra UV05","","","","วัล","🆕 ลูกค้าใหม่","","11/6/2569 15:42:07"
"MIS_260611-0FF","JOB-260525-1E1","บานฟิก-ซ้าย","AmericanKing Ultra UV400 - AmericanKing UltraUV400 - Ultra UV05","21","60","1","","🆕 ลูกค้าใหม่","","11/6/2569 15:42:07"
"MIS_260611-77C","JOB-260525-C43","บานหน้า","G-TEC - CM20","33","60","1","วัล","🆕 ลูกค้าใหม่","","11/6/2569 15:44:14"
"MIS_260611-9F3","JOB-260525-C43","บานหลัง","G-TEC - CM20","24","46","1","เอ","🆕 ลูกค้าใหม่","","11/6/2569 15:44:14"
"MIS_260611-9A5","JOB-260525-C43","ประตูหน้า-ซ้าย","G-TEC - CM20","18","46","1","มาว","🆕 ลูกค้าใหม่","","11/6/2569 15:44:14"
"MIS_260611-4C6","JOB-260525-C43","ประตูหน้า-ขวา","G-TEC - CM20","18","46","1","นา","🆕 ลูกค้าใหม่","","11/6/2569 15:44:14"
"MIS_260611-6A9","JOB-260525-C43","ประตูหลัง-ซ้าย","G-TEC - CM20","20","43","1","มาว","🆕 ลูกค้าใหม่","","11/6/2569 15:44:14"
"MIS_260611-A94","JOB-260525-C43","ประตูหลัง-ขวา","G-TEC - CM20","20","35","1","นา","🆕 ลูกค้าใหม่","","11/6/2569 15:44:14"
"MIS_260611-933","JOB-260529-3A2","บานหน้า","Hi-Kool CM - CM 35","31","60","1","ต้น","🆕 ลูกค้าใหม่","","11/6/2569 15:45:59"
"MIS_260611-126","JOB-260529-3A2","บานหลัง","Hi-Kool CM - CM 35","15","60","1","สดใส","🆕 ลูกค้าใหม่","","11/6/2569 15:45:59"
"MIS_260611-252","JOB-260529-3A2","ประตูหน้า-ซ้าย","Hi-Kool CM - CM 20","20","37","1","มาว","🆕 ลูกค้าใหม่","","11/6/2569 15:45:59"
"MIS_260611-D44","JOB-260529-3A2","ประตูหน้า-ขวา","Hi-Kool CM - CM 20","20","37","1","นา","🆕 ลูกค้าใหม่","","11/6/2569 15:45:59"
"MIS_260611-111","JOB-260529-3A2","ประตูหลัง-ซ้าย","Hi-Kool CM - CM 05","17","60","1","เอ","🆕 ลูกค้าใหม่","","11/6/2569 15:45:59"
"MIS_260611-C3A","JOB-260529-3A2","ประตูหลัง-ขวา","Hi-Kool CM - CM 05","","","","มาว","🆕 ลูกค้าใหม่","","11/6/2569 15:45:59"
"MIS_260611-F4D","JOB-260529-3A2","บานฟิก-ซ้าย","Hi-Kool CM - CM 05","","","","","🆕 ลูกค้าใหม่","","11/6/2569 15:45:59"
"MIS_260611-5C2","JOB-260526-143","บานหน้า","3M Ceramate - CRM 35","34","60","1","นัท , วัล","🆕 ลูกค้าใหม่","","11/6/2569 15:51:46"
"MIS_260611-32C","JOB-260526-143","บานหลัง","3M Ceramate - CRM 15","30","50","1","สดใส","🆕 ลูกค้าใหม่","","11/6/2569 15:51:46"
"MIS_260611-2F9","JOB-260526-143","ประตูหน้า-ซ้าย","3M Ceramate - CRM 15","30","50","1","มาว","🆕 ลูกค้าใหม่","","11/6/2569 15:51:46"
"MIS_260611-49F","JOB-260526-143","ประตูหน้า-ขวา","3M Ceramate - CRM 15","","","","นัท","🆕 ลูกค้าใหม่","","11/6/2569 15:51:46"
"MIS_260611-3EF","JOB-260526-143","ประตูหลัง-ซ้าย","3M Ceramate - CRM 15","18","60","1","นา","🆕 ลูกค้าใหม่","","11/6/2569 15:51:46"
"MIS_260611-2E5","JOB-260526-143","ประตูหลัง-ขวา","3M Ceramate - CRM 15","","","","พลอย","🆕 ลูกค้าใหม่","","11/6/2569 15:51:46"
"MIS_260611-70D","JOB-260526-143","บานฟิก-ซ้าย","3M Ceramate - CRM 15","","","","","🆕 ลูกค้าใหม่","","11/6/2569 15:51:46"
"MIS_260611-F0D","JOB-260525-123","บานหน้า","3M Crystalline - C40","33","60","1","วัล","🆕 ลูกค้าใหม่","","11/6/2569 15:53:16"
"MIS_260611-17C","JOB-260525-123","บานหลัง","3M Crystalline - C40","30","60","1","นา","🆕 ลูกค้าใหม่","","11/6/2569 15:53:16"
"MIS_260611-A33","JOB-260525-123","ประตูหน้า-ซ้าย","3M Crystalline - C40","25","60","1","นัท","🆕 ลูกค้าใหม่","","11/6/2569 15:53:16"
"MIS_260611-BCB","JOB-260525-123","ประตูหน้า-ขวา","3M Crystalline - C40","25","60","1","นัท","🆕 ลูกค้าใหม่","","11/6/2569 15:53:16"
"MIS_260611-5AA","JOB-260525-123","ประตูหลัง-ซ้าย","3M Crystalline - C40","","","","","🆕 ลูกค้าใหม่","","11/6/2569 15:53:16"
"MIS_260611-FD6","JOB-260525-123","ประตูหลัง-ขวา","3M Crystalline - C40","","","","","🆕 ลูกค้าใหม่","","11/6/2569 15:53:16"
"MIS_260611-053","JOB-260525-03B","บานหน้า","3M Ultra Clear - CM IR35","38","60","1","ต้น","🆕 ลูกค้าใหม่","","11/6/2569 15:54:34"
"MIS_260611-FA8","JOB-260525-03B","บานหลัง","3M Ultra Clear - CM IR15","20","40","1","สดใส","🆕 ลูกค้าใหม่","","11/6/2569 15:54:34"
"MIS_260611-311","JOB-260525-03B","ประตูหน้า-ซ้าย","3M Ultra Clear - CM IR15","20","40","1","มาว","🆕 ลูกค้าใหม่","","11/6/2569 15:54:34"
"MIS_260611-81C","JOB-260525-03B","ประตูหน้า-ขวา","3M Ultra Clear - CM IR15","20","40","1","พลอย","🆕 ลูกค้าใหม่","","11/6/2569 15:54:34"
"MIS_260611-BDD","JOB-260525-03B","ประตูหลัง-ซ้าย","3M Ultra Clear - CM IR15","18","60","1","เอ","🆕 ลูกค้าใหม่","","11/6/2569 15:54:34"
"MIS_260611-C79","JOB-260525-03B","ประตูหลัง-ขวา","3M Ultra Clear - CM IR15","","","","นัท","🆕 ลูกค้าใหม่","","11/6/2569 15:54:34"
"MIS_260611-169","JOB-260525-03B","บานฟิก-ซ้าย","3M Ultra Clear - CM IR15","","","","","🆕 ลูกค้าใหม่","","11/6/2569 15:54:34"
"MIS_260611-BC5","JOB-260525-482","บานหน้า","3M Absolute  - AS15","29","60","1","นัท , วัล","🆕 ลูกค้าใหม่","","11/6/2569 15:55:54"
"MIS_260611-E0B","JOB-260525-482","บานหลัง","3M Absolute  - AS5","20","44","1","นา","🆕 ลูกค้าใหม่","","11/6/2569 15:55:54"
"MIS_260611-65F","JOB-260525-482","ประตูหน้า-ซ้าย","3M Absolute  - AS15","20","38","1","มาว","🆕 ลูกค้าใหม่","","11/6/2569 15:55:54"
"MIS_260611-D4C","JOB-260525-482","ประตูหน้า-ขวา","3M Absolute  - AS15","20","38","1","พลอย","🆕 ลูกค้าใหม่","","11/6/2569 15:55:54"
"MIS_260611-BDB","JOB-260525-482","ประตูหลัง-ซ้าย","3M Absolute  - AS5","20","44","1","เอ","🆕 ลูกค้าใหม่","","11/6/2569 15:55:54"
"MIS_260611-C1C","JOB-260525-482","ประตูหลัง-ขวา","3M Absolute  - AS5","20","44","1","นัท","🆕 ลูกค้าใหม่","","11/6/2569 15:55:54"
"MIS_260611-C30","JOB-260525-482","บานฟิก-ซ้าย","3M Absolute  - AS5","","","","","🆕 ลูกค้าใหม่","","11/6/2569 15:55:54"
"MIS_260611-AFB","JOB-260526-72E","บานหน้า","G-TEC - CM20","36","60","1","ต้น","🆕 ลูกค้าใหม่","","11/6/2569 15:57:17"
"MIS_260611-114","JOB-260526-72E","บานหลัง","G-TEC - CM05","20","43","1","เอ","🆕 ลูกค้าใหม่","","11/6/2569 15:57:17"
"MIS_260611-2B9","JOB-260526-72E","ประตูหน้า-ซ้าย","G-TEC - CM20","20","38","1","นา","🆕 ลูกค้าใหม่","","11/6/2569 15:57:17"
"MIS_260611-975","JOB-260526-72E","ประตูหน้า-ขวา","G-TEC - CM20","20","38","1","นัท","🆕 ลูกค้าใหม่","","11/6/2569 15:57:17"
"MIS_260611-623","JOB-260526-72E","ประตูหลัง-ซ้าย","G-TEC - CM05","20","43","1","นา","🆕 ลูกค้าใหม่","","11/6/2569 15:57:17"
"MIS_260611-187","JOB-260526-72E","ประตูหลัง-ขวา","G-TEC - CM05","20","43","1","นัท","🆕 ลูกค้าใหม่","","11/6/2569 15:57:17"
"MIS_260611-D0B","JOB-260526-72E","บานฟิก-ซ้าย","G-TEC - CM05","","","","","🆕 ลูกค้าใหม่","","11/6/2569 15:57:17"
"MIS_260611-DE2","JOB-260525-65A","บานหน้า","G-TEC - CM30","35","60","1","วัล","🆕 ลูกค้าใหม่","","11/6/2569 15:58:49"
"MIS_260611-2D3","JOB-260525-65A","บานหลัง","G-TEC - CM20","24","39","1","สดใส","🆕 ลูกค้าใหม่","","11/6/2569 15:58:49"
"MIS_260611-B3C","JOB-260525-65A","ประตูหน้า-ซ้าย","G-TEC - CM30","20","38","1","มาว","🆕 ลูกค้าใหม่","","11/6/2569 15:58:49"
"MIS_260611-FC2","JOB-260525-65A","ประตูหน้า-ขวา","G-TEC - CM30","20","38","1","พลอย","🆕 ลูกค้าใหม่","","11/6/2569 15:58:49"
"MIS_260611-90F","JOB-260525-65A","ประตูหลัง-ซ้าย","G-TEC - CM20","18","39","1","มาว","🆕 ลูกค้าใหม่","","11/6/2569 15:58:49"
"MIS_260611-589","JOB-260525-65A","ประตูหลัง-ขวา","G-TEC - CM20","18","39","1","พลอย","🆕 ลูกค้าใหม่","","11/6/2569 15:58:49"
"MIS_260611-EBD","JOB-260525-65A","บานฟิก-ซ้าย","G-TEC - CM20","","","","","🆕 ลูกค้าใหม่","","11/6/2569 15:58:49"
"MIS_260611-418","JOB-260525-65A","บานฟิก-ขวา","G-TEC - CM20","","","","","🆕 ลูกค้าใหม่","","11/6/2569 15:58:49"
"MIS_260611-222","JOB-260525-65A","ซันรูฟ-ช่อง1","G-TEC - CM05","20","32","1","","🆕 ลูกค้าใหม่","","11/6/2569 15:58:49"
"MIS_260611-FE1","JOB-260526-498","บานหน้า","G-TEC - CM40","32","60","1","ต้น","🆕 ลูกค้าใหม่","","11/6/2569 15:59:34"
"MIS_260611-19B","JOB-260526-498","ประตูหน้า-ซ้าย","G-TEC - CM40","20","37","1","เอ","🆕 ลูกค้าใหม่","","11/6/2569 15:59:34"
"MIS_260611-64B","JOB-260526-498","ประตูหน้า-ขวา","G-TEC - CM40","20","37","1","นัท","🆕 ลูกค้าใหม่","","11/6/2569 15:59:34"
"MIS_260611-717","JOB-260525-3A6","บานหน้า","IZY-KOOL ORIGINAL - IZY-KOOL Ceramic - IZY 20","30","60","1","ต้น","🆕 ลูกค้าใหม่","","11/6/2569 16:01:02"
"MIS_260611-2C4","JOB-260525-3A6","บานหลัง","IZY-KOOL ORIGINAL - IZY-KOOL Ceramic - IZY 05","20","36","1","สดใส","🆕 ลูกค้าใหม่","","11/6/2569 16:01:02"
"MIS_260611-570","JOB-260525-3A6","ประตูหน้า-ซ้าย","IZY-KOOL ORIGINAL - IZY-KOOL Ceramic - IZY 20","20","32","1","มาว","🆕 ลูกค้าใหม่","","11/6/2569 16:01:02"
"MIS_260611-512","JOB-260525-3A6","ประตูหน้า-ขวา","IZY-KOOL ORIGINAL - IZY-KOOL Ceramic - IZY 20","20","32","1","พลอย","🆕 ลูกค้าใหม่","","11/6/2569 16:01:02"
"MIS_260611-06D","JOB-260525-3A6","ประตูหลัง-ซ้าย","IZY-KOOL ORIGINAL - IZY-KOOL Ceramic - IZY 05","20","36","1","พลอย","🆕 ลูกค้าใหม่","","11/6/2569 16:01:02"
"MIS_260611-571","JOB-260525-3A6","ประตูหลัง-ขวา","IZY-KOOL ORIGINAL - IZY-KOOL Ceramic - IZY 05","20","36","1","เอ","🆕 ลูกค้าใหม่","","11/6/2569 16:01:02"
"MIS_260611-051","JOB-260525-3A6","บานฟิก-ซ้าย","IZY-KOOL ORIGINAL - IZY-KOOL Ceramic - IZY 05","11","60","1","","🆕 ลูกค้าใหม่","","11/6/2569 16:01:02"
"MIS_260611-06A","JOB-260525-294","บานหน้า","G-TEC - CM20","36","60","1","ต้น","🆕 ลูกค้าใหม่","","11/6/2569 16:02:41"
"MIS_260611-24B","JOB-260525-294","บานหลัง","G-TEC - CM15","20","43","1","สดใส","🆕 ลูกค้าใหม่","","11/6/2569 16:02:41"
"MIS_260611-B05","JOB-260525-294","ประตูหน้า-ซ้าย","G-TEC - CM15","20","43","1","มาว","🆕 ลูกค้าใหม่","","11/6/2569 16:02:41"
"MIS_260611-A74","JOB-260525-294","ประตูหน้า-ขวา","G-TEC - CM15","20","43","1","พลอย","🆕 ลูกค้าใหม่","","11/6/2569 16:02:41"
"MIS_260611-3B9","JOB-260525-294","ประตูหลัง-ซ้าย","G-TEC - CM15","18","60","1","เอ","🆕 ลูกค้าใหม่","","11/6/2569 16:02:41"
"MIS_260611-1F3","JOB-260525-294","ประตูหลัง-ขวา","G-TEC - CM15","","","","นัท","🆕 ลูกค้าใหม่","","11/6/2569 16:02:41"
"MIS_260611-68F","JOB-260525-294","บานฟิก-ซ้าย","G-TEC - CM15","11","60","1","","🆕 ลูกค้าใหม่","","11/6/2569 16:02:41"
"MIS_260611-B2F","JOB-260525-294","บานฟิก-ขวา","G-TEC - CM15","","","","","🆕 ลูกค้าใหม่","","11/6/2569 16:02:41"
"MIS_260611-BE9","JOB-260526-5B1","บานหลัง","G-TEC - CM05","28","44","1","เอ","🛠 (ช่าง) เม็ดฝุ่น","","11/6/2569 16:05:03"
"MIS_260611-895","JOB-260525-0A6","บานหน้า","Hi-Kool Beyond - BY30","33","60","1","วัล","🆕 ลูกค้าใหม่","","11/6/2569 16:06:30"
"MIS_260611-0FC","JOB-260525-0A6","บานหลัง","Hi-Kool Beyond - BY20","12","60","1","นา","🆕 ลูกค้าใหม่","","11/6/2569 16:06:30"
"MIS_260611-41F","JOB-260525-0A6","ประตูหน้า-ซ้าย","Hi-Kool Beyond - BY20","20","60","1","มาว","🆕 ลูกค้าใหม่","","11/6/2569 16:06:30"
"MIS_260611-6A7","JOB-260525-0A6","ประตูหน้า-ขวา","Hi-Kool Beyond - BY20","","","","พลอย","🆕 ลูกค้าใหม่","","11/6/2569 16:06:30"
"MIS_260611-737","JOB-260525-0A6","ประตูหลัง-ซ้าย","Hi-Kool Beyond - BY20","20","60","1","เอ","🆕 ลูกค้าใหม่","","11/6/2569 16:06:30"
"MIS_260611-1BD","JOB-260525-0A6","ประตูหลัง-ขวา","Hi-Kool Beyond - BY20","","","","นัท","🆕 ลูกค้าใหม่","","11/6/2569 16:06:30"
"MIS_260611-9F9","JOB-260523-5BF","บานหน้า","รอเลือก - 3M Ultra Clear - CM IR25","29","60","1","วัล","🆕 ลูกค้าใหม่","","11/6/2569 16:07:47"
"MIS_260611-547","JOB-260523-5BF","บานหลัง","รอเลือก - 3M Ultra Clear - CM IR15","20","46","1","สดใส","🆕 ลูกค้าใหม่","","11/6/2569 16:07:47"
"MIS_260611-1BC","JOB-260523-5BF","ประตูหน้า-ซ้าย","รอเลือก - 3M Ultra Clear - CM IR15","20","46","1","มาว","🆕 ลูกค้าใหม่","","11/6/2569 16:07:47"
"MIS_260611-38D","JOB-260523-5BF","ประตูหน้า-ขวา","รอเลือก - 3M Ultra Clear - CM IR15","20","46","1","พลอย","🆕 ลูกค้าใหม่","","11/6/2569 16:07:47"
"MIS_260611-B54","JOB-260523-5BF","ประตูหลัง-ซ้าย","รอเลือก - 3M Ultra Clear - CM IR15","18","60","1","เอ","🆕 ลูกค้าใหม่","","11/6/2569 16:07:47"
"MIS_260611-B0B","JOB-260523-5BF","ประตูหลัง-ขวา","รอเลือก - 3M Ultra Clear - CM IR15","","","","นัท","🆕 ลูกค้าใหม่","","11/6/2569 16:07:47"
"MIS_260611-D17","JOB-260523-5BF","บานฟิก-ซ้าย","รอเลือก - 3M Ultra Clear - CM IR15","11","60","1","","🆕 ลูกค้าใหม่","","11/6/2569 16:07:47"
"MIS_260611-15E","JOB-260521-8F3","บานหน้า","Hi-Kool CM - CM 35","36","60","1","วัล","🆕 ลูกค้าใหม่","","11/6/2569 16:08:57"
"MIS_260611-70E","JOB-260521-8F3","บานหลัง","Hi-Kool CM - CM 20","20","46","1","นา","🆕 ลูกค้าใหม่","","11/6/2569 16:08:57"
"MIS_260611-AA7","JOB-260521-8F3","ประตูหน้า-ซ้าย","Hi-Kool CM - CM 20","20","46","1","มาว","🆕 ลูกค้าใหม่","","11/6/2569 16:08:57"
"MIS_260611-735","JOB-260521-8F3","ประตูหน้า-ขวา","Hi-Kool CM - CM 20","20","46","1","พลอย","🆕 ลูกค้าใหม่","","11/6/2569 16:08:57"
"MIS_260611-7D8","JOB-260521-8F3","ประตูหลัง-ซ้าย","Hi-Kool CM - CM 20","20","33","1","เอ","🆕 ลูกค้าใหม่","","11/6/2569 16:08:57"
"MIS_260611-D56","JOB-260521-8F3","ประตูหลัง-ขวา","Hi-Kool CM - CM 20","20","33","1","นัท","🆕 ลูกค้าใหม่","","11/6/2569 16:08:57"
"MIS_260611-DB1","JOB-260521-8F3","บานฟิก-ซ้าย","Hi-Kool CM - CM 20","","","","","🆕 ลูกค้าใหม่","","11/6/2569 16:08:57"
"MIS_260611-809","JOB-260525-446","บานหน้า","G-TEC - CM40","34","60","1","วัล","🆕 ลูกค้าใหม่","","11/6/2569 16:10:02"
"MIS_260611-E6B","JOB-260525-446","บานหลัง","G-TEC - CM40","18","50","1","นา","🆕 ลูกค้าใหม่","","11/6/2569 16:10:02"
"MIS_260611-962","JOB-260525-446","ประตูหน้า-ซ้าย","G-TEC - CM30","20","38","1","มาว","🆕 ลูกค้าใหม่","","11/6/2569 16:10:02"
"MIS_260611-00F","JOB-260525-446","ประตูหน้า-ขวา","G-TEC - CM30","20","38","1","เอ","🆕 ลูกค้าใหม่","","11/6/2569 16:10:02"
"MIS_260611-D51","JOB-260525-446","ประตูหลัง-ซ้าย","G-TEC - CM30","18","60","1","เอ","🆕 ลูกค้าใหม่","","11/6/2569 16:10:02"
"MIS_260611-28B","JOB-260525-446","ประตูหลัง-ขวา","G-TEC - CM30","","","","นัท","🆕 ลูกค้าใหม่","","11/6/2569 16:10:02"
"MIS_260611-A68","JOB-260525-446","บานฟิก-ซ้าย","G-TEC - CM30","","","","","🆕 ลูกค้าใหม่","","11/6/2569 16:10:02"
"MIS_260611-9F4","JOB-260525-415","บานหน้า","3M Absolute  - AS35","32","60","1","วัล","🆕 ลูกค้าใหม่","","11/6/2569 16:11:02"
"MIS_260611-6D0","JOB-260525-415","บานหลัง","3M Absolute  - AS5","24","46","1","นา","🆕 ลูกค้าใหม่","","11/6/2569 16:11:02"
"MIS_260611-B1F","JOB-260525-415","ประตูหน้า-ซ้าย","3M Absolute  - AS15","20","35","1","มาว","🆕 ลูกค้าใหม่","","11/6/2569 16:11:02"
"MIS_260611-B32","JOB-260525-415","ประตูหน้า-ขวา","3M Absolute  - AS15","20","35","1","พลอย","🆕 ลูกค้าใหม่","","11/6/2569 16:11:02"
"MIS_260611-7FA","JOB-260525-415","ประตูหลัง-ซ้าย","3M Absolute  - AS5","18","46","1","เอ","🆕 ลูกค้าใหม่","","11/6/2569 16:11:02"
"MIS_260611-BC9","JOB-260525-415","ประตูหลัง-ขวา","3M Absolute  - AS5","18","46","1","นัท","🆕 ลูกค้าใหม่","","11/6/2569 16:11:02"
"MIS_260611-9E4","JOB-260525-415","บานฟิก-ซ้าย","3M Absolute  - AS5","","","","","🆕 ลูกค้าใหม่","","11/6/2569 16:11:02"
"MIS_260611-543","JOB-260523-348","ประตูหน้า-ซ้าย","3M Ceramate - CRM 15","20","42","1","มาว","🛠 (ช่าง) ฟองอากาศ","","11/6/2569 16:12:51"
"MIS_260611-168","JOB-260526-8D5","บานหน้า","G-TEC - CM20","36","60","1","ต้น","","","11/6/2569 16:14:02"
"MIS_260611-417","JOB-260526-121","บานหน้า","G-TEC - CM20","36","60","1","ต้น","","","11/6/2569 16:14:35"
"MIS_260611-29F","JOB-260610-D33","บานหน้า","3M Ceramate - CRM 35","34","60","1","นา","🆕 ลูกค้าใหม่","","11/6/2569 16:19:04"
"MIS_260611-8CD","JOB-260610-D33","บานหลัง","3M Ceramate - CRM 15","26","50","1","ต้น","🆕 ลูกค้าใหม่","","11/6/2569 16:19:04"
"MIS_260611-7A9","JOB-260610-D33","ประตูหน้า-ซ้าย","3M Ceramate - CRM 15","17","50","1","มาว","🆕 ลูกค้าใหม่","","11/6/2569 16:19:04"
"MIS_260611-5A0","JOB-260610-D33","ประตูหน้า-ขวา","3M Ceramate - CRM 15","17","50","1","พลอย","🆕 ลูกค้าใหม่","","11/6/2569 16:19:04"
"MIS_260611-665","JOB-260610-D33","ประตูหลัง-ซ้าย","3M Ceramate - CRM 15","17","60","1","เอ","🆕 ลูกค้าใหม่","","11/6/2569 16:19:04"
"MIS_260611-88A","JOB-260610-D33","ประตูหลัง-ขวา","3M Ceramate - CRM 15","","","","นัท","🆕 ลูกค้าใหม่","","11/6/2569 16:19:04"
"MIS_260611-35B","JOB-260605-44B","ประตูหน้า-ซ้าย","3M FX - Fx20","20","38","1","เอ","🆕 ลูกค้าใหม่","","11/6/2569 16:19:45"
"MIS_260611-278","JOB-260605-44B","ประตูหน้า-ขวา","3M FX - Fx20","20","38","1","นัท","🆕 ลูกค้าใหม่","","11/6/2569 16:19:45"
"MIS_260611-83C","JOB-260605-44B","ประตูหลัง-ซ้าย","3M FX - IZY-KOOL Ceramic - IZY 20","20","32","1","นา","🆕 ลูกค้าใหม่","","11/6/2569 16:19:45"
"MIS_260611-8D8","JOB-260610-78E","บานหน้า","3M Ultra Clear - CM IR25","35","60","1","ต้น","🆕 ลูกค้าใหม่","","11/6/2569 16:20:41"
"MIS_260611-0EB","JOB-260610-78E","บานหลัง","3M Ultra Clear - CM IR25","32","42","1","วัล","🆕 ลูกค้าใหม่","","11/6/2569 16:20:41"
"MIS_260611-435","JOB-260610-78E","ประตูหน้า-ซ้าย","3M Ultra Clear - CM IR5","20","35","1","มาว","🆕 ลูกค้าใหม่","","11/6/2569 16:20:41"
"MIS_260611-1B4","JOB-260610-78E","ประตูหน้า-ขวา","3M Ultra Clear - CM IR5","20","35","1","นัท","🆕 ลูกค้าใหม่","","11/6/2569 16:20:41"
"MIS_260611-47A","JOB-260610-78E","ประตูหลัง-ซ้าย","3M Ultra Clear - CM IR5","20","38","1","เอ","🆕 ลูกค้าใหม่","","11/6/2569 16:20:41"
"MIS_260611-557","JOB-260610-78E","ประตูหลัง-ขวา","3M Ultra Clear - CM IR5","","","","พลอย","🆕 ลูกค้าใหม่","","11/6/2569 16:20:41"
"MIS_260611-0A1","JOB-260610-78E","บานฟิก-ซ้าย","3M Ultra Clear - CM IR5","","","","","🆕 ลูกค้าใหม่","","11/6/2569 16:20:41"
"MIS_260611-F5E","JOB-260610-9E2","บานหน้า","3M Absolute  - AS35","34","60","1","นา","🆕 ลูกค้าใหม่","","11/6/2569 16:21:01"
"MIS_260612-62D","JOB-260610-F6C","บานหน้า","3M Ultra Clear - CM IR25","35","60","1","วัล , นา","🆕 ลูกค้าใหม่","","12/6/2569 11:07:05"
"MIS_260612-DC0","JOB-260610-F6C","บานหลัง","3M Ultra Clear - CM IR25","33","60","1","สดใส","🆕 ลูกค้าใหม่","","12/6/2569 11:07:05"
"MIS_260612-297","JOB-260610-F6C","ประตูหน้า-ซ้าย","3M Ultra Clear - CM IR15","20","40","1","มาว","🆕 ลูกค้าใหม่","","12/6/2569 11:07:05"
"MIS_260612-026","JOB-260610-F6C","ประตูหน้า-ขวา","3M Ultra Clear - CM IR15","20","40","1","พลอย","🆕 ลูกค้าใหม่","","12/6/2569 11:07:05"
"MIS_260612-F34","JOB-260610-F6C","ประตูหลัง-ซ้าย","3M Ultra Clear - CM IR15","20","60","1","เอ","🆕 ลูกค้าใหม่","","12/6/2569 11:07:05"
"MIS_260612-AE3","JOB-260610-F6C","ประตูหลัง-ขวา","3M Ultra Clear - CM IR15","","","","พลอย","🆕 ลูกค้าใหม่","","12/6/2569 11:07:05"
"MIS_260612-0E5","JOB-260610-F6C","บานฟิก-ซ้าย","3M Ultra Clear - CM IR15","","","","","🆕 ลูกค้าใหม่","","12/6/2569 11:07:05"
"MIS_260612-F47","JOB-260610-64A","บานหน้า","Hi-Kool CM - CM 35","34","60","1","วัล , นา","🆕 ลูกค้าใหม่","","12/6/2569 11:08:18"
"MIS_260612-231","JOB-260610-64A","บานหลัง","Hi-Kool CM - CM 05","20","41","1","สดใส","🆕 ลูกค้าใหม่","","12/6/2569 11:08:18"
"MIS_260612-011","JOB-260610-64A","ประตูหน้า-ซ้าย","Hi-Kool CM - CM 20","20","38","1","มาว","🆕 ลูกค้าใหม่","","12/6/2569 11:08:18"
"MIS_260612-7E4","JOB-260610-64A","ประตูหน้า-ขวา","Hi-Kool CM - CM 20","20","38","1","พลอย","🆕 ลูกค้าใหม่","","12/6/2569 11:08:18"
"MIS_260612-DB9","JOB-260610-64A","ประตูหลัง-ซ้าย","Hi-Kool CM - CM 05","20","41","1","เอ","🆕 ลูกค้าใหม่","","12/6/2569 11:08:18"
"MIS_260612-1FE","JOB-260610-64A","ประตูหลัง-ขวา","Hi-Kool CM - CM 05","20","41","1","นัท","🆕 ลูกค้าใหม่","","12/6/2569 11:08:18"
"MIS_260612-B86","JOB-260610-64A","บานฟิก-ซ้าย","Hi-Kool CM - CM 05","","","","นัท , เอ","🆕 ลูกค้าใหม่","","12/6/2569 11:08:18"
"MIS_260613-203","JOB-260611-F43","บานหน้า","G-TEC - CM15","30","60","1","วัล , นา","🎞 (ฟิล์ม) ฟิล์มเสื่อมสภาพ","","13/6/2569 16:18:12"
"MIS_260613-9E9","JOB-260611-F43","บานหลัง","G-TEC - CM05","20","40","1","ต้น","🎞 (ฟิล์ม) ฟิล์มเสื่อมสภาพ","","13/6/2569 16:18:12"
"MIS_260613-AF5","JOB-260611-F43","ประตูหน้า-ซ้าย","G-TEC - CM05","20","40","1","มาว","🎞 (ฟิล์ม) ฟิล์มเสื่อมสภาพ","","13/6/2569 16:18:12"
"MIS_260613-1DF","JOB-260611-F43","ประตูหน้า-ขวา","G-TEC - CM05","20","40","1","นัท","🎞 (ฟิล์ม) ฟิล์มเสื่อมสภาพ","","13/6/2569 16:18:12"
"MIS_260613-22A","JOB-260611-F43","ประตูหลัง-ซ้าย","G-TEC - CM05","32","44","1","มาว","🎞 (ฟิล์ม) ฟิล์มเสื่อมสภาพ","","13/6/2569 16:18:12"
"MIS_260613-55C","JOB-260611-F43","ประตูหลัง-ขวา","G-TEC - CM05","","","","นัท","🎞 (ฟิล์ม) ฟิล์มเสื่อมสภาพ","","13/6/2569 16:18:12"
"MIS_260615-70E","JOB-260612-389","บานหน้า","3M Ultra Clear - CM IR35","35","60","1","วัล , นา","🆕 ลูกค้าใหม่","","15/6/2569 9:11:32"
"MIS_260615-3D0","JOB-260608-0B2","บานหน้า","3M Absolute  - AS35","35","60","1","วัล , นา","🆕 ลูกค้าใหม่","","15/6/2569 9:11:54"
"MIS_260615-694","JOB-260611-E56","บานหน้า","Hi-Kool CM - CM 35","37","60","1","วัล , นา","🆕 ลูกค้าใหม่","","15/6/2569 9:13:34"
"MIS_260615-E80","JOB-260611-E56","บานหลัง","Hi-Kool CM - CM 35","35","53","1","สดใส","🆕 ลูกค้าใหม่","","15/6/2569 9:13:34"
"MIS_260615-54B","JOB-260611-E56","ประตูหน้า-ซ้าย","Hi-Kool CM - CM 20","20","44","1","มาว","🆕 ลูกค้าใหม่","","15/6/2569 9:13:34"
"MIS_260615-6DE","JOB-260611-E56","ประตูหน้า-ขวา","Hi-Kool CM - CM 20","20","44","1","พลอย","🆕 ลูกค้าใหม่","","15/6/2569 9:13:34"
"MIS_260615-71C","JOB-260611-E56","ประตูหลัง-ซ้าย","Hi-Kool CM - CM 20","16","60","1","เอ","🆕 ลูกค้าใหม่","","15/6/2569 9:13:34"
"MIS_260615-914","JOB-260611-E56","ประตูหลัง-ขวา","Hi-Kool CM - CM 20","","","","นัท","🆕 ลูกค้าใหม่","","15/6/2569 9:13:34"
"MIS_260615-7B3","JOB-260612-6DA","บานหน้า","3M Absolute  - AS35","28","60","1","วัล , นา","🆕 ลูกค้าใหม่","","15/6/2569 9:14:27"
"MIS_260615-81A","JOB-260612-6DA","บานหลัง","3M Absolute  - AS5","12","60","1","ต้น","🆕 ลูกค้าใหม่","","15/6/2569 9:14:27"
"MIS_260615-02A","JOB-260612-6DA","ประตูหน้า-ซ้าย","3M Absolute  - AS15","20","41","1","มาว","🆕 ลูกค้าใหม่","","15/6/2569 9:14:27"
"MIS_260615-C71","JOB-260612-6DA","ประตูหน้า-ขวา","3M Absolute  - AS15","20","40","1","พลอย","🆕 ลูกค้าใหม่","","15/6/2569 9:14:27"
"MIS_260615-842","JOB-260612-6DA","บานฟิก-ซ้าย","3M Absolute  - AS5","12","60","1","","🆕 ลูกค้าใหม่","","15/6/2569 9:14:27"
"MIS_260615-4D4","JOB-260612-6DA","บานฟิก-ขวา","3M Absolute  - AS5","","","","","🆕 ลูกค้าใหม่","","15/6/2569 9:14:27"
"MIS_260615-7F1","JOB-260612-33F","บานหน้า","Hi-Kool CM - CM 20","37","60","1","วัล","🆕 ลูกค้าใหม่","","15/6/2569 9:15:32"
"MIS_260615-293","JOB-260612-33F","บานหลัง","Hi-Kool CM - CM 05","20","43","1","สดใส","🆕 ลูกค้าใหม่","","15/6/2569 9:15:32"
"MIS_260615-845","JOB-260612-33F","ประตูหน้า-ซ้าย","Hi-Kool CM - CM 05","20","43","1","มาว","🆕 ลูกค้าใหม่","","15/6/2569 9:15:32"
"MIS_260615-C65","JOB-260612-33F","ประตูหน้า-ขวา","Hi-Kool CM - CM 05","20","43","1","พลอย","🆕 ลูกค้าใหม่","","15/6/2569 9:15:32"
"MIS_260615-22A","JOB-260612-33F","ประตูหลัง-ซ้าย","Hi-Kool CM - CM 05","20","32","1","เอ","🆕 ลูกค้าใหม่","","15/6/2569 9:15:32"
"MIS_260615-008","JOB-260612-33F","ประตูหลัง-ขวา","Hi-Kool CM - CM 05","20","32","1","นัท","🆕 ลูกค้าใหม่","","15/6/2569 9:15:32"
"MIS_260615-EE0","JOB-260612-33F","บานฟิก-ซ้าย","Hi-Kool CM - CM 05","12","60","1","","🆕 ลูกค้าใหม่","","15/6/2569 9:15:32"
"MIS_260615-6F4","JOB-260608-2A0","บานหน้า","G-TEC - CM30","34","60","1","วัล","🆕 ลูกค้าใหม่","","15/6/2569 9:16:37"
"MIS_260615-FF2","JOB-260608-2A0","บานหลัง","G-TEC - CM30","20","44","1","สดใส","🆕 ลูกค้าใหม่","","15/6/2569 9:16:37"
"MIS_260615-23D","JOB-260608-2A0","ประตูหน้า-ซ้าย","G-TEC - CM30","20","44","1","เอ","🆕 ลูกค้าใหม่","","15/6/2569 9:16:37"
"MIS_260615-598","JOB-260608-2A0","ประตูหน้า-ขวา","G-TEC - CM30","20","44","1","พลอย","🆕 ลูกค้าใหม่","","15/6/2569 9:16:37"
"MIS_260615-794","JOB-260608-2A0","ประตูหลัง-ซ้าย","G-TEC - CM20","32","44","1","เอ","🆕 ลูกค้าใหม่","","15/6/2569 9:16:37"
"MIS_260615-B7F","JOB-260608-2A0","ประตูหลัง-ขวา","G-TEC - CM20","","","","พลอย","🆕 ลูกค้าใหม่","","15/6/2569 9:16:37"
"MIS_260615-A0F","JOB-260608-2A0","บานฟิก-ซ้าย","G-TEC - CM20","10","60","1","","🆕 ลูกค้าใหม่","","15/6/2569 9:16:37"
"MIS_260615-6E5","JOB-260612-314","บานหน้า","Hi-Kool CM - CM 20","34","60","1","วัล , นา","🆕 ลูกค้าใหม่","","15/6/2569 9:17:34"
"MIS_260615-B34","JOB-260612-314","บานหลัง","Hi-Kool CM - CM 20","26","44","1","ต้น","🆕 ลูกค้าใหม่","","15/6/2569 9:17:34"
"MIS_260615-F0A","JOB-260612-314","ประตูหน้า-ซ้าย","Hi-Kool CM - CM 05","20","38","1","มาว","🆕 ลูกค้าใหม่","","15/6/2569 9:17:34"
"MIS_260615-C47","JOB-260612-314","ประตูหน้า-ขวา","Hi-Kool CM - CM 05","20","38","1","นัท","🆕 ลูกค้าใหม่","","15/6/2569 9:17:34"
"MIS_260615-849","JOB-260612-314","ประตูหลัง-ซ้าย","Hi-Kool CM - CM 05","20","38","1","เอ","🆕 ลูกค้าใหม่","","15/6/2569 9:17:34"
"MIS_260615-125","JOB-260612-314","ประตูหลัง-ขวา","Hi-Kool CM - CM 05","20","32","1","มาว","🆕 ลูกค้าใหม่","","15/6/2569 9:17:34"
"MIS_260615-B53","JOB-260612-314","บานฟิก-ซ้าย","Hi-Kool CM - CM 05","","","","","🆕 ลูกค้าใหม่","","15/6/2569 9:17:34"
"MIS_260615-2CA","JOB-260530-1E0","บานหน้า","3M Absolute  - AS35","36","60","1","นา","🆕 ลูกค้าใหม่","","15/6/2569 9:18:30"
"MIS_260615-16C","JOB-260530-1E0","บานหลัง","3M Absolute  - AS15","20","41","1","สดใส","🆕 ลูกค้าใหม่","","15/6/2569 9:18:30"
"MIS_260615-553","JOB-260530-1E0","ประตูหน้า-ซ้าย","3M Absolute  - AS15","20","41","1","มาว","🆕 ลูกค้าใหม่","","15/6/2569 9:18:30"
"MIS_260615-0C7","JOB-260530-1E0","ประตูหน้า-ขวา","3M Absolute  - AS15","20","41","1","นัท","🆕 ลูกค้าใหม่","","15/6/2569 9:18:30"
"MIS_260615-700","JOB-260530-1E0","ประตูหลัง-ซ้าย","3M Absolute  - AS15","20","60","1","มาว","🆕 ลูกค้าใหม่","","15/6/2569 9:18:30"
"MIS_260615-607","JOB-260530-1E0","ประตูหลัง-ขวา","3M Absolute  - AS15","","","","นัท","🆕 ลูกค้าใหม่","","15/6/2569 9:18:30"
"MIS_260615-A92","JOB-260611-DFE","บานหน้า","AmericanKing UltraUV400 - Ultra UV15","33","60","1","วัล , นา","🆕 ลูกค้าใหม่","","15/6/2569 9:19:29"
"MIS_260615-412","JOB-260611-DFE","บานหลัง","AmericanKing UltraUV400 - Ultra UV05","26","42","1","สดใส","🆕 ลูกค้าใหม่","","15/6/2569 9:19:29"
"MIS_260615-FE2","JOB-260611-DFE","ประตูหน้า-ซ้าย","AmericanKing UltraUV400 - Ultra UV05","17","42","1","มาว","🆕 ลูกค้าใหม่","","15/6/2569 9:19:29"
"MIS_260615-6DA","JOB-260611-DFE","ประตูหน้า-ขวา","AmericanKing UltraUV400 - Ultra UV05","17","42","1","พลอย","🆕 ลูกค้าใหม่","","15/6/2569 9:19:29"
"MIS_260615-0BA","JOB-260611-DFE","ประตูหลัง-ซ้าย","AmericanKing UltraUV400 - Ultra UV05","16","60","1","เอ","🆕 ลูกค้าใหม่","","15/6/2569 9:19:29"
"MIS_260615-F07","JOB-260611-DFE","ประตูหลัง-ขวา","AmericanKing UltraUV400 - Ultra UV05","","","","พลอย","🆕 ลูกค้าใหม่","","15/6/2569 9:19:29"
"MIS_260615-659","JOB-260610-73E","บานหน้า","Hi-Kool CM - CM 35","29","65","1","วัล","🆕 ลูกค้าใหม่","","15/6/2569 9:20:36"
"MIS_260615-EC9","JOB-260610-73E","บานหลัง","Hi-Kool CM - CM 35","22","59","1","ต้น","🆕 ลูกค้าใหม่","","15/6/2569 9:20:36"
"MIS_260615-7D9","JOB-260610-73E","ประตูหน้า-ซ้าย","Hi-Kool CM - CM 20","20","38","1","มาว","🆕 ลูกค้าใหม่","","15/6/2569 9:20:36"
"MIS_260615-2EF","JOB-260610-73E","ประตูหน้า-ขวา","Hi-Kool CM - CM 20","20","44","1","พลอย","🆕 ลูกค้าใหม่","","15/6/2569 9:20:36"
"MIS_260615-89E","JOB-260610-73E","ประตูหลัง-ซ้าย","Hi-Kool CM - CM 20","20","60","2","นา","🆕 ลูกค้าใหม่","","15/6/2569 9:20:36"
"MIS_260615-766","JOB-260610-73E","ประตูหลัง-ขวา","Hi-Kool CM - CM 20","","","","เอ","🆕 ลูกค้าใหม่","","15/6/2569 9:20:36"
"MIS_260615-E10","JOB-260610-73E","บานฟิก-ซ้าย","Hi-Kool CM - CM 20","21","60","2","นัท","🆕 ลูกค้าใหม่","","15/6/2569 9:20:36"
"MIS_260615-628","JOB-260610-890","บานหน้า","G-TEC - CM20","28","60","1","ต้น","🆕 ลูกค้าใหม่","","15/6/2569 9:21:42"
"MIS_260615-963","JOB-260610-890","บานหลัง","G-TEC - CM05","20","49","1","สดใส","🆕 ลูกค้าใหม่","","15/6/2569 9:21:42"
"MIS_260615-669","JOB-260610-890","ประตูหน้า-ซ้าย","G-TEC - CM05","20","49","1","ต้น","🆕 ลูกค้าใหม่","","15/6/2569 9:21:42"
"MIS_260615-093","JOB-260610-890","ประตูหน้า-ขวา","G-TEC - CM05","20","49","1","นัท","🆕 ลูกค้าใหม่","","15/6/2569 9:21:42"
"MIS_260615-BE4","JOB-260610-890","ประตูหลัง-ซ้าย","G-TEC - CM05","20","32","1","มาว","🆕 ลูกค้าใหม่","","15/6/2569 9:21:42"
"MIS_260615-F12","JOB-260610-890","ประตูหลัง-ขวา","G-TEC - CM05","","","","พลอย","🆕 ลูกค้าใหม่","","15/6/2569 9:21:42"
"MIS_260615-ACE","JOB-260610-890","บานฟิก-ซ้าย","G-TEC - CM05","15","60","1","เอ","🆕 ลูกค้าใหม่","","15/6/2569 9:21:42"
"MIS_260615-D0D","JOB-260612-291","บานหน้า","3M Ceramate - CRM 35","34","60","1","นา","🆕 ลูกค้าใหม่","","15/6/2569 9:22:30"
"MIS_260615-801","JOB-260612-291","บานหลัง","3M Ceramate - CRM 15","30","50","1","ต้น","🆕 ลูกค้าใหม่","","15/6/2569 9:22:30"
"MIS_260615-334","JOB-260612-291","ประตูหน้า-ซ้าย","3M Ceramate - CRM 15","30","50","1","มาว","🆕 ลูกค้าใหม่","","15/6/2569 9:22:30"
"MIS_260615-93A","JOB-260612-291","ประตูหน้า-ขวา","3M Ceramate - CRM 15","","","","พลอย","🆕 ลูกค้าใหม่","","15/6/2569 9:22:30"
"MIS_260615-3FD","JOB-260612-291","ประตูหลัง-ซ้าย","3M Ceramate - CRM 15","18","60","1","เอ","🆕 ลูกค้าใหม่","","15/6/2569 9:22:30"
"MIS_260615-252","JOB-260612-291","ประตูหลัง-ขวา","3M Ceramate - CRM 15","","","","นัท","🆕 ลูกค้าใหม่","","15/6/2569 9:22:30"
"MIS_260615-E0F","JOB-260615-F4A","ประตูหน้า-ซ้าย","3M Ultra Clear - CM IR15","20","35","1","","🎞 (ฟิล์ม) ฟิล์มเป็นเส้น","","15/6/2569 16:33:45"
"MIS_260618-81F","JOB-260616-92F","บานหลัง","Hi-Kool CM - CM 20","24","46","1","สดใส","🆕 ลูกค้าใหม่","","18/6/2569 8:17:40"
"MIS_260618-721","JOB-260616-E84","บานหน้า","Nanotech NCI - NCI35","33","60","1","ต้น , นา","🆕 ลูกค้าใหม่","","18/6/2569 8:18:05"
"MIS_260618-719","JOB-260616-839","บานหน้า","3M Ultra Clear - CM IR15","33","62","1","นัท , วัล","🆕 ลูกค้าใหม่","","18/6/2569 8:19:09"
"MIS_260618-371","JOB-260616-839","บานหลัง","3M Ultra Clear - CM IR5","20","44","1","ต้น","🆕 ลูกค้าใหม่","","18/6/2569 8:19:09"
"MIS_260618-0A8","JOB-260616-839","ประตูหน้า-ซ้าย","3M Ultra Clear - CM IR5","20","44","1","มาว","🆕 ลูกค้าใหม่","","18/6/2569 8:19:09"
"MIS_260618-734","JOB-260616-839","ประตูหน้า-ขวา","3M Ultra Clear - CM IR5","20","44","1","พลอย","🆕 ลูกค้าใหม่","","18/6/2569 8:19:09"
"MIS_260618-0ED","JOB-260616-839","ประตูหลัง-ซ้าย","3M Ultra Clear - CM IR5","20","60","1","เอ","🆕 ลูกค้าใหม่","","18/6/2569 8:19:09"
"MIS_260618-88B","JOB-260616-839","ประตูหลัง-ขวา","3M Ultra Clear - CM IR5","","","","นัท","🆕 ลูกค้าใหม่","","18/6/2569 8:19:09"
"MIS_260618-20B","JOB-260615-AC9","บานหน้า","Hi-Kool CM - CM 35","36","60","1","วัล , นา","🆕 ลูกค้าใหม่","","18/6/2569 8:19:37"
"MIS_260618-559","JOB-260615-5CC","บานหน้า","G-TEC - CM40","35","60","1","วัล , นา","🆕 ลูกค้าใหม่","","18/6/2569 8:21:10"
"MIS_260618-DBF","JOB-260615-5CC","บานหลัง","G-TEC - CM30","20","52","1","สดใส","🆕 ลูกค้าใหม่","","18/6/2569 8:21:10"
"MIS_260618-149","JOB-260615-5CC","ประตูหน้า-ซ้าย","G-TEC - CM30","20","52","1","มาว","🆕 ลูกค้าใหม่","","18/6/2569 8:21:10"
"MIS_260618-D4E","JOB-260615-5CC","ประตูหน้า-ขวา","G-TEC - CM30","20","52","1","พลอย","🆕 ลูกค้าใหม่","","18/6/2569 8:21:10"
"MIS_260618-523","JOB-260615-5CC","ประตูหลัง-ซ้าย","G-TEC - CM30","20","38","1","เอ","🆕 ลูกค้าใหม่","","18/6/2569 8:21:10"
"MIS_260618-B23","JOB-260615-5CC","ประตูหลัง-ขวา","G-TEC - CM30","20","38","1","นัท","🆕 ลูกค้าใหม่","","18/6/2569 8:21:10"
"MIS_260618-CC6","JOB-260615-5CC","บานฟิก-ซ้าย","G-TEC - CM30","32","44","1","","🆕 ลูกค้าใหม่","","18/6/2569 8:21:10"
"MIS_260619-930","JOB-260619-CC6","ประตูหลัง-ขวา","G-TEC - CM05","18","30","1","เอ","🛠 (ช่าง) รีดหัก","","19/6/2569 10:33:49"
"MIS_260619-F97","JOB-260617-691","บานหน้า","3M Ultra Clear - CM IR25","35","60","1","ต้น","🛠 (ช่าง) ล้างกาวไม่สะอาด","","19/6/2569 15:35:38"
"MIS_260622-833","JOB-260613-3CA","บานหน้า","3M Ultra Clear - CM IR25","31","60","1","นา","🆕 ลูกค้าใหม่","","22/6/2569 8:12:59"
"MIS_260622-0D4","JOB-260613-3CA","บานหลัง","3M Ultra Clear - CM IR15","20","40","1","ต้น","🆕 ลูกค้าใหม่","","22/6/2569 8:12:59"
"MIS_260622-309","JOB-260613-3CA","ประตูหน้า-ซ้าย","3M Ultra Clear - CM IR15","20","40","1","ต้น","🆕 ลูกค้าใหม่","","22/6/2569 8:12:59"
"MIS_260622-B12","JOB-260613-3CA","ประตูหน้า-ขวา","3M Ultra Clear - CM IR15","20","40","1","ต้น","🆕 ลูกค้าใหม่","","22/6/2569 8:12:59"
"MIS_260622-426","JOB-260613-3CA","ประตูหลัง-ซ้าย","3M Ultra Clear - CM IR15","35","20","1","ต้น","🆕 ลูกค้าใหม่","","22/6/2569 8:12:59"
"MIS_260622-79A","JOB-260613-3CA","ประตูหลัง-ขวา","3M Ultra Clear - CM IR15","","","","มาว","🆕 ลูกค้าใหม่","","22/6/2569 8:12:59"
"MIS_260622-8F6","JOB-260613-3CA","บานฟิก-ซ้าย","3M Ultra Clear - CM IR15","18","30","1","","🆕 ลูกค้าใหม่","","22/6/2569 8:12:59"
"MIS_260622-615","JOB-260613-3CA","บานฟิก-ขวา","3M Ultra Clear - CM IR15","","","","","🆕 ลูกค้าใหม่","","22/6/2569 8:12:59"
"MIS_260622-CEE","JOB-260613-3CA","ซันรูฟ-ช่อง1","3M Ultra Clear - CM IR5","32","45","1","ต้น","🆕 ลูกค้าใหม่","","22/6/2569 8:12:59"
"MIS_260622-72A","JOB-260619-EE5","บานหน้า","Hi-Kool CM - Hi-Kool Beyond - BY20","28","60","1","วัล , นา","🆕 ลูกค้าใหม่","","22/6/2569 8:14:17"
"MIS_260622-B8B","JOB-260619-EE5","บานหลัง","Hi-Kool CM - Hi-Kool Beyond - BY05","20","49","1","สดใส","🆕 ลูกค้าใหม่","","22/6/2569 8:14:17"
"MIS_260622-BDD","JOB-260619-EE5","ประตูหน้า-ซ้าย","Hi-Kool CM - Hi-Kool Beyond - BY05","20","49","1","มาว","🆕 ลูกค้าใหม่","","22/6/2569 8:14:17"
"MIS_260622-DF2","JOB-260619-EE5","ประตูหน้า-ขวา","Hi-Kool CM - Hi-Kool Beyond - BY05","20","49","1","นา","🆕 ลูกค้าใหม่","","22/6/2569 8:14:17"
"MIS_260622-714","JOB-260619-EE5","ประตูหลัง-ซ้าย","Hi-Kool CM - Hi-Kool Beyond - BY05","20","60","1","เอ","🆕 ลูกค้าใหม่","","22/6/2569 8:14:17"
"MIS_260622-7F5","JOB-260619-EE5","ประตูหลัง-ขวา","Hi-Kool CM - Hi-Kool Beyond - BY05","","","","พลอย","🆕 ลูกค้าใหม่","","22/6/2569 8:14:17"
"MIS_260622-B9D","JOB-260619-EE5","บานฟิก-ซ้าย","Hi-Kool CM - Hi-Kool Beyond - BY05","15","60","1","","🆕 ลูกค้าใหม่","","22/6/2569 8:14:17"
"MIS_260622-7D3","JOB-260620-206","บานหน้า","3M Ultra Clear - CM IR25","32","60","1","วัล , นา","🆕 ลูกค้าใหม่","","22/6/2569 8:15:40"
"MIS_260622-195","JOB-260620-206","บานหลัง","3M Ultra Clear - CM IR15","29","52","1","สดใส","🆕 ลูกค้าใหม่","","22/6/2569 8:15:40"
"MIS_260622-88B","JOB-260620-206","ประตูหน้า-ซ้าย","3M Ultra Clear - CM IR15","31","52","1","มาว","🆕 ลูกค้าใหม่","","22/6/2569 8:15:40"
"MIS_260622-0D1","JOB-260620-206","ประตูหน้า-ขวา","3M Ultra Clear - CM IR15","","","","นัท","🆕 ลูกค้าใหม่","","22/6/2569 8:15:40"
"MIS_260622-DC1","JOB-260620-206","ประตูหลัง-ซ้าย","3M Ultra Clear - CM IR15","18","60","1","เอ","🆕 ลูกค้าใหม่","","22/6/2569 8:15:40"
"MIS_260622-20E","JOB-260620-206","ประตูหลัง-ขวา","3M Ultra Clear - CM IR15","","","","พลอย","🆕 ลูกค้าใหม่","","22/6/2569 8:15:40"
"MIS_260622-1B8","JOB-260620-206","บานฟิก-ซ้าย","3M Ultra Clear - CM IR15","","","","","🆕 ลูกค้าใหม่","","22/6/2569 8:15:40"
"MIS_260622-EDE","JOB-260619-527","บานหน้า","3M Absolute  - AS15","35","60","1","วัล","🆕 ลูกค้าใหม่","","22/6/2569 8:17:01"
"MIS_260622-25A","JOB-260619-527","บานหลัง","3M Absolute  - AS15","20","46","1","ต้น","🆕 ลูกค้าใหม่","","22/6/2569 8:17:01"
"MIS_260622-E5C","JOB-260619-527","ประตูหน้า-ซ้าย","3M Absolute  - AS15","20","46","1","เอ","🆕 ลูกค้าใหม่","","22/6/2569 8:17:01"
"MIS_260622-6FB","JOB-260619-527","ประตูหน้า-ขวา","3M Absolute  - AS15","20","46","1","พลอย","🆕 ลูกค้าใหม่","","22/6/2569 8:17:01"
"MIS_260622-839","JOB-260619-527","ประตูหลัง-ซ้าย","3M Absolute  - AS15","20","33","1","เอ","🆕 ลูกค้าใหม่","","22/6/2569 8:17:01"
"MIS_260622-2F8","JOB-260619-527","ประตูหลัง-ขวา","3M Absolute  - AS15","20","33","1","พลอย","🆕 ลูกค้าใหม่","","22/6/2569 8:17:01"
"MIS_260622-059","JOB-260619-527","บานฟิก-ซ้าย","3M Absolute  - AS15","","","","","🆕 ลูกค้าใหม่","","22/6/2569 8:17:01"
"MIS_260622-BF5","JOB-260620-51F","บานหน้า","3M Absolute  - AS15","34","60","1","วัล","🆕 ลูกค้าใหม่","","22/6/2569 8:18:06"
"MIS_260622-BF0","JOB-260620-51F","บานหลัง","3M Absolute  - AS5","26","46","1","สดใส","🆕 ลูกค้าใหม่","","22/6/2569 8:18:06"
"MIS_260622-928","JOB-260620-51F","ประตูหน้า-ซ้าย","3M Absolute  - AS5","17","46","1","มาว","🆕 ลูกค้าใหม่","","22/6/2569 8:18:06"
"MIS_260622-B84","JOB-260620-51F","ประตูหน้า-ขวา","3M Absolute  - AS5","17","46","1","พลอย","🆕 ลูกค้าใหม่","","22/6/2569 8:18:06"
"MIS_260622-23E","JOB-260620-51F","ประตูหลัง-ซ้าย","3M Absolute  - AS5","39","35","1","เอ","🆕 ลูกค้าใหม่","","22/6/2569 8:18:06"
"MIS_260622-B39","JOB-260620-51F","ประตูหลัง-ขวา","3M Absolute  - AS5","18","30","1","พลอย","🆕 ลูกค้าใหม่","","22/6/2569 8:18:06"
"MIS_260622-2F7","JOB-260620-614","บานหน้า","รอเลือก - Hi-Kool Beyond - BY30","37","60","1","วัล , นา","🆕 ลูกค้าใหม่","","22/6/2569 8:23:09"
"MIS_260622-BB6","JOB-260620-614","บานหลัง","รอเลือก - Hi-Kool Beyond - BY15","47","54","1","นัท , ต้น","🆕 ลูกค้าใหม่","","22/6/2569 8:23:09"
"MIS_260622-6CA","JOB-260620-614","ประตูหน้า-ซ้าย","รอเลือก - Hi-Kool Beyond - BY15","20","40","1","นัท","🆕 ลูกค้าใหม่","","22/6/2569 8:23:09"
"MIS_260622-51C","JOB-260620-614","ประตูหน้า-ขวา","รอเลือก - Hi-Kool Beyond - BY15","20","40","1","พลอย","🆕 ลูกค้าใหม่","","22/6/2569 8:23:09"
"MIS_260622-C34","JOB-260620-614","ประตูหลัง-ซ้าย","รอเลือก - Hi-Kool Beyond - BY15","20","34","1","เอ","🆕 ลูกค้าใหม่","","22/6/2569 8:23:09"
"MIS_260622-217","JOB-260620-614","ประตูหลัง-ขวา","รอเลือก - Hi-Kool Beyond - BY15","20","34","1","พลอย","🆕 ลูกค้าใหม่","","22/6/2569 8:23:09"
"MIS_260622-299","JOB-260620-614","บานฟิก-ซ้าย","รอเลือก - Hi-Kool Beyond - BY15","","","","","🆕 ลูกค้าใหม่","","22/6/2569 8:23:09"
"MIS_260622-985","JOB-260620-614","บานฟิก-ขวา","รอเลือก - Hi-Kool Beyond - BY15","","","","","🆕 ลูกค้าใหม่","","22/6/2569 8:23:09"
"MIS_260622-B65","JOB-260620-614","ซันรูฟ-ช่อง1","รอเลือก - Hi-Kool Beyond - BY05","30","45","1","วัล , นา","🆕 ลูกค้าใหม่","","22/6/2569 8:23:09"
"MIS_260622-453","JOB-260619-989","บานหน้า","Hi-Kool Beyond - BY20","34","60","1","วัล , นา","🆕 ลูกค้าใหม่","","22/6/2569 8:24:40"
"MIS_260622-CFF","JOB-260619-989","บานหลัง","Hi-Kool Beyond - BY15","28","43","1","สดใส","🆕 ลูกค้าใหม่","","22/6/2569 8:24:40"
"MIS_260622-4CD","JOB-260619-989","ประตูหน้า-ซ้าย","Hi-Kool Beyond - BY15","16","43","1","มาว","🆕 ลูกค้าใหม่","","22/6/2569 8:24:40"
"MIS_260622-5C4","JOB-260619-989","ประตูหน้า-ขวา","Hi-Kool Beyond - BY15","16","43","1","นัท","🆕 ลูกค้าใหม่","","22/6/2569 8:24:40"
"MIS_260622-5FB","JOB-260619-989","ประตูหลัง-ซ้าย","Hi-Kool Beyond - BY15","20","40","1","มาว","🆕 ลูกค้าใหม่","","22/6/2569 8:24:40"
"MIS_260622-7F3","JOB-260619-989","ประตูหลัง-ขวา","Hi-Kool Beyond - BY15","20","34","1","นัท","🆕 ลูกค้าใหม่","","22/6/2569 8:24:40"
"MIS_260622-42F","JOB-260619-989","บานฟิก-ซ้าย","Hi-Kool Beyond - BY15","","","","","🆕 ลูกค้าใหม่","","22/6/2569 8:24:40"
"MIS_260622-28F","JOB-260618-413","บานหน้า","3M Ultra Clear - CM IR25","31","60","1","วัล , นา","🆕 ลูกค้าใหม่","","22/6/2569 8:26:45"
"MIS_260622-F90","JOB-260618-413","บานหลัง","3M Ultra Clear - CM IR5","20","40","1","ต้น","🆕 ลูกค้าใหม่","","22/6/2569 8:26:45"
"MIS_260622-48D","JOB-260618-413","ประตูหน้า-ซ้าย","3M Ultra Clear - CM IR5","20","40","1","มาว","🆕 ลูกค้าใหม่","","22/6/2569 8:26:45"
"MIS_260622-410","JOB-260618-413","ประตูหน้า-ขวา","3M Ultra Clear - CM IR5","20","40","1","พลอย","🆕 ลูกค้าใหม่","","22/6/2569 8:26:45"
"MIS_260622-9EE","JOB-260618-413","ประตูหลัง-ซ้าย","3M Ultra Clear - CM IR5","18","60","1","เอ","🆕 ลูกค้าใหม่","","22/6/2569 8:26:45"
"MIS_260622-65F","JOB-260618-413","ประตูหลัง-ขวา","3M Ultra Clear - CM IR5","","","","นัท","🆕 ลูกค้าใหม่","","22/6/2569 8:26:45"
"MIS_260622-5C6","JOB-260618-413","บานฟิก-ซ้าย","3M Ultra Clear - CM IR5","","","","","🆕 ลูกค้าใหม่","","22/6/2569 8:26:45"
"MIS_260622-68D","JOB-260618-413","บานฟิก-ขวา","3M Ultra Clear - CM IR5","","","","","🆕 ลูกค้าใหม่","","22/6/2569 8:26:45"
"MIS_260622-E85","JOB-260618-413","ซันรูฟ-ช่อง1","3M Ultra Clear - CM IR5","32","45","1","ต้น","🆕 ลูกค้าใหม่","","22/6/2569 8:26:45"
"MIS_260622-04B","JOB-260618-933","บานหน้า","G-TEC - CM30","35","60","1","วัล , นา","🆕 ลูกค้าใหม่","","22/6/2569 8:28:07"
"MIS_260622-2FC","JOB-260618-933","บานหลัง","G-TEC - CM30","20","41","1","สดใส","🆕 ลูกค้าใหม่","","22/6/2569 8:28:07"
"MIS_260622-9B4","JOB-260618-933","ประตูหน้า-ซ้าย","G-TEC - CM30","20","41","1","มาว","🆕 ลูกค้าใหม่","","22/6/2569 8:28:07"
"MIS_260622-291","JOB-260618-933","ประตูหน้า-ขวา","G-TEC - CM30","20","41","1","พลอย","🆕 ลูกค้าใหม่","","22/6/2569 8:28:07"
"MIS_260622-A40","JOB-260618-933","ประตูหลัง-ซ้าย","G-TEC - CM30","20","35","1","เอ","🆕 ลูกค้าใหม่","","22/6/2569 8:28:07"
"MIS_260622-6C3","JOB-260618-933","ประตูหลัง-ขวา","G-TEC - CM30","20","35","1","นัท","🆕 ลูกค้าใหม่","","22/6/2569 8:28:07"
"MIS_260622-71C","JOB-260618-933","บานฟิก-ซ้าย","G-TEC - CM30","15","60","1","","🆕 ลูกค้าใหม่","","22/6/2569 8:28:07"
"MIS_260622-149","JOB-260618-DAD","บานหน้า","G-TEC - CM15","33","60","1","วัล , นา","🆕 ลูกค้าใหม่","","22/6/2569 8:29:19"
"MIS_260622-7F6","JOB-260618-DAD","บานหลัง","G-TEC - CM05","26","46","1","ต้น","🆕 ลูกค้าใหม่","","22/6/2569 8:29:19"
"MIS_260622-8A3","JOB-260618-DAD","ประตูหน้า-ซ้าย","G-TEC - CM05","17","46","1","มาว","🆕 ลูกค้าใหม่","","22/6/2569 8:29:19"
"MIS_260622-05E","JOB-260618-DAD","ประตูหน้า-ขวา","G-TEC - CM05","17","46","1","พลอย","🆕 ลูกค้าใหม่","","22/6/2569 8:29:19"
"MIS_260622-CC5","JOB-260618-DAD","ประตูหลัง-ซ้าย","G-TEC - CM05","18","60","1","เอ","🆕 ลูกค้าใหม่","","22/6/2569 8:29:19"
"MIS_260622-A6C","JOB-260618-DAD","ประตูหลัง-ขวา","G-TEC - CM05","","","","นัท","🆕 ลูกค้าใหม่","","22/6/2569 8:29:19"
"MIS_260622-45A","JOB-260618-DAD","บานฟิก-ซ้าย","G-TEC - CM05","9","60","1","","🆕 ลูกค้าใหม่","","22/6/2569 8:29:19"
"MIS_260622-1F0","JOB-260618-2E2","บานหน้า","G-TEC - CM40","32","60","1","นัท , ต้น","🆕 ลูกค้าใหม่","","22/6/2569 8:29:46"
"MIS_260622-66A","JOB-260617-EE2","บานหน้า","Hi-Kool CM - CM 35","31","65","1","นัท , นา","🆕 ลูกค้าใหม่","","22/6/2569 8:31:01"
"MIS_260622-DA9","JOB-260617-EE2","บานหลัง","Hi-Kool CM - CM 20","20","40","1","สดใส","🆕 ลูกค้าใหม่","","22/6/2569 8:31:01"
"MIS_260622-207","JOB-260617-EE2","ประตูหน้า-ซ้าย","Hi-Kool CM - CM 20","20","40","1","มาว","🆕 ลูกค้าใหม่","","22/6/2569 8:31:01"
"MIS_260622-9AF","JOB-260617-EE2","ประตูหน้า-ขวา","Hi-Kool CM - CM 20","20","40","1","พลอย","🆕 ลูกค้าใหม่","","22/6/2569 8:31:01"
"MIS_260622-FBE","JOB-260617-EE2","ประตูหลัง-ซ้าย","","","","","","🆕 ลูกค้าใหม่","","22/6/2569 8:31:01"
"MIS_260622-6A8","JOB-260617-EE2","ประตูหลัง-ขวา","","","","","","🆕 ลูกค้าใหม่","","22/6/2569 8:31:01"
"MIS_260622-30D","JOB-260617-EE2","บานฟิก-ซ้าย","Hi-Kool CM - CM 20","14","60","1","เอ","🆕 ลูกค้าใหม่","","22/6/2569 8:31:01"
"MIS_260622-9DA","JOB-260616-EDB","บานหน้า","รอเลือก - Hi-Kool Beyond - BY30","30","60","1","วัล , นา","🆕 ลูกค้าใหม่","","22/6/2569 8:32:11"
"MIS_260622-3D8","JOB-260616-EDB","บานหลัง","รอเลือก - Hi-Kool Beyond - BY05","28","46","1","ต้น","🆕 ลูกค้าใหม่","","22/6/2569 8:32:11"
"MIS_260622-8A2","JOB-260616-EDB","ประตูหน้า-ซ้าย","รอเลือก - Hi-Kool Beyond - BY15","20","38","1","มาว","🆕 ลูกค้าใหม่","","22/6/2569 8:32:11"
"MIS_260622-DDB","JOB-260616-EDB","ประตูหน้า-ขวา","รอเลือก - Hi-Kool Beyond - BY15","20","43","1","พลอย","🆕 ลูกค้าใหม่","","22/6/2569 8:32:11"
"MIS_260622-9DE","JOB-260616-EDB","ประตูหลัง-ซ้าย","รอเลือก - Hi-Kool Beyond - BY15","17","60","1","ต้น","🆕 ลูกค้าใหม่","","22/6/2569 8:32:11"
"MIS_260622-75F","JOB-260616-EDB","ประตูหลัง-ขวา","รอเลือก - Hi-Kool Beyond - BY15","","","","นัท","🆕 ลูกค้าใหม่","","22/6/2569 8:32:11"
"MIS_260622-0BA","JOB-260617-232","บานหลัง","IZY-KOOL Ceramic - IZY 05","40","62","1","วัล , ต้น","🆕 ลูกค้าใหม่","","22/6/2569 8:32:37"
"MIS_260622-245","JOB-260619-AB5","บานหน้า","Hi-Kool CM - CM 20","30","65","1","วัล , นา","🆕 ลูกค้าใหม่","","22/6/2569 8:36:13"
"MIS_260622-592","JOB-260619-AB5","บานหลัง","Hi-Kool CM - CM 05","30","60","1","สดใส","🆕 ลูกค้าใหม่","","22/6/2569 8:36:13"
"MIS_260622-7F7","JOB-260619-AB5","ประตูหน้า-ซ้าย","Hi-Kool CM - CM 05","21","32","1","มาว","🆕 ลูกค้าใหม่","","22/6/2569 8:36:13"
"MIS_260622-F76","JOB-260619-AB5","ประตูหน้า-ขวา","Hi-Kool CM - CM 05","21","32","1","พลอย","🆕 ลูกค้าใหม่","","22/6/2569 8:36:13"
"MIS_260622-BB3","JOB-260619-AB5","ประตูหลัง-ซ้าย","Hi-Kool CM - CM 05","21","60","1","เอ","🆕 ลูกค้าใหม่","","22/6/2569 8:36:13"
"MIS_260622-994","JOB-260619-AB5","ประตูหลัง-ขวา","Hi-Kool CM - CM 05","","","","นัท","🆕 ลูกค้าใหม่","","22/6/2569 8:36:13"
"MIS_260622-292","JOB-260619-AB5","บานฟิก-ซ้าย","Hi-Kool CM - CM 05","13","60","1","","🆕 ลูกค้าใหม่","","22/6/2569 8:36:13"
"MIS_260622-075","JOB-260616-DCB","บานหน้า","3M Absolute  - AS35","31","60","1","วัล , นา","🆕 ลูกค้าใหม่","","22/6/2569 8:37:27"
"MIS_260622-8C9","JOB-260616-DCB","บานหลัง","3M Absolute  - AS15","29","52","1","ต้น","🆕 ลูกค้าใหม่","","22/6/2569 8:37:27"
"MIS_260622-014","JOB-260616-DCB","ประตูหน้า-ซ้าย","3M Absolute  - AS15","31","52","1","มาว","🆕 ลูกค้าใหม่","","22/6/2569 8:37:27"
"MIS_260622-9CF","JOB-260616-DCB","ประตูหน้า-ขวา","3M Absolute  - AS15","","","","นัท","🆕 ลูกค้าใหม่","","22/6/2569 8:37:27"
"MIS_260622-CCE","JOB-260616-DCB","ประตูหลัง-ซ้าย","3M Absolute  - AS15","18","60","1","เอ","🆕 ลูกค้าใหม่","","22/6/2569 8:37:27"
"MIS_260622-CF3","JOB-260616-DCB","ประตูหลัง-ขวา","3M Absolute  - AS15","","","","พลอย","🆕 ลูกค้าใหม่","","22/6/2569 8:37:27"
"MIS_260622-1FA","JOB-260619-97A","บานหน้า","G-TEC - CM40","33","60","1","วัล , นา","🆕 ลูกค้าใหม่","","22/6/2569 8:39:23"
"MIS_260622-9C4","JOB-260619-97A","บานหลัง","G-TEC - CM05","20","44","1","ต้น","🆕 ลูกค้าใหม่","","22/6/2569 8:39:23"
"MIS_260622-AD1","JOB-260619-97A","ประตูหน้า-ซ้าย","G-TEC - CM05","20","44","1","มาว","🆕 ลูกค้าใหม่","","22/6/2569 8:39:23"
"MIS_260622-CCA","JOB-260619-97A","ประตูหน้า-ขวา","G-TEC - CM05","20","44","1","พลอย","🆕 ลูกค้าใหม่","","22/6/2569 8:39:23"
"MIS_260622-3E7","JOB-260619-97A","ประตูหลัง-ซ้าย","G-TEC - CM05","20","60","1","เอ","🆕 ลูกค้าใหม่","","22/6/2569 8:39:23"
"MIS_260622-A5C","JOB-260619-97A","ประตูหลัง-ขวา","G-TEC - CM05","","","","เอ","🆕 ลูกค้าใหม่","","22/6/2569 8:39:23"
"MIS_260622-5CA","JOB-260619-97A","บานฟิก-ซ้าย","G-TEC - CM05","14","60","1","","🆕 ลูกค้าใหม่","","22/6/2569 8:39:23"
"MIS_260622-FD9","JOB-260619-367","บานหน้า","G-TEC - CM30","32","60","1","วัล , นา","🆕 ลูกค้าใหม่","","22/6/2569 8:41:06"
"MIS_260622-D5A","JOB-260619-367","บานหลัง","G-TEC - CM05","30","50","1","ต้น","🆕 ลูกค้าใหม่","","22/6/2569 8:41:06"
"MIS_260622-BA0","JOB-260619-367","ประตูหน้า-ซ้าย","G-TEC - CM05","30","50","1","มาว","🆕 ลูกค้าใหม่","","22/6/2569 8:41:06"
"MIS_260622-05C","JOB-260619-367","ประตูหน้า-ขวา","G-TEC - CM05","","","","พลอย","🆕 ลูกค้าใหม่","","22/6/2569 8:41:06"
"MIS_260622-706","JOB-260619-367","ประตูหลัง-ซ้าย","G-TEC - CM05","18","60","1","เอ","🆕 ลูกค้าใหม่","","22/6/2569 8:41:06"
"MIS_260622-6F5","JOB-260619-367","ประตูหลัง-ขวา","G-TEC - CM05","","","","นัท","🆕 ลูกค้าใหม่","","22/6/2569 8:41:06"
"MIS_260622-04F","JOB-260619-367","บานฟิก-ซ้าย","G-TEC - CM05","","","","","🆕 ลูกค้าใหม่","","22/6/2569 8:41:06"
"MIS_260622-FA0","JOB-260619-9B4","บานหน้า","Hi-Kool CM - CM 35","33","60","1","วัล , นา","🆕 ลูกค้าใหม่","","22/6/2569 8:42:50"
"MIS_260622-BAF","JOB-260619-9B4","บานหลัง","Hi-Kool CM - CM 35","38","59","1","สดใส","🆕 ลูกค้าใหม่","","22/6/2569 8:42:50"
"MIS_260622-CE5","JOB-260619-9B4","ประตูหน้า-ซ้าย","Hi-Kool CM - CM 20","20","38","1","มาว","🆕 ลูกค้าใหม่","","22/6/2569 8:42:50"
"MIS_260622-8E4","JOB-260619-9B4","ประตูหน้า-ขวา","Hi-Kool CM - CM 20","20","38","1","พลอย","🆕 ลูกค้าใหม่","","22/6/2569 8:42:50"
"MIS_260622-21F","JOB-260619-9B4","ประตูหลัง-ซ้าย","Hi-Kool CM - CM 05","18","32","1","เอ","🆕 ลูกค้าใหม่","","22/6/2569 8:42:50"
"MIS_260622-F11","JOB-260619-9B4","ประตูหลัง-ขวา","Hi-Kool CM - CM 05","20","38","1","นัท","🆕 ลูกค้าใหม่","","22/6/2569 8:42:50"
"MIS_260622-684","JOB-260619-9B4","บานฟิก-ซ้าย","Hi-Kool CM - CM 05","12","30","1","","🆕 ลูกค้าใหม่","","22/6/2569 8:42:50"
"MIS_260622-FAB","JOB-260619-CE7","บานหน้า","รอเลือก - Hi-Kool Beyond - BY15","32","60","1","วัล , นา","🆕 ลูกค้าใหม่","","22/6/2569 8:44:09"
"MIS_260622-842","JOB-260619-CE7","บานหลัง","รอเลือก - Hi-Kool Beyond - BY05","20","44","1","ต้น","🆕 ลูกค้าใหม่","","22/6/2569 8:44:09"
"MIS_260622-2DC","JOB-260619-CE7","ประตูหน้า-ซ้าย","รอเลือก - Hi-Kool Beyond - BY05","20","44","1","มาว","🆕 ลูกค้าใหม่","","22/6/2569 8:44:09"
"MIS_260622-095","JOB-260619-CE7","ประตูหน้า-ขวา","รอเลือก - Hi-Kool Beyond - BY05","20","44","1","พลอย","🆕 ลูกค้าใหม่","","22/6/2569 8:44:09"
"MIS_260622-077","JOB-260619-CE7","ประตูหลัง-ซ้าย","รอเลือก - Hi-Kool Beyond - BY05","32","46","1","เอ","🆕 ลูกค้าใหม่","","22/6/2569 8:44:09"
"MIS_260622-1CD","JOB-260619-CE7","ประตูหลัง-ขวา","รอเลือก - Hi-Kool Beyond - BY05","","","","มาว","🆕 ลูกค้าใหม่","","22/6/2569 8:44:09"
"MIS_260622-528","JOB-260619-CE7","บานฟิก-ซ้าย","รอเลือก - Hi-Kool Beyond - BY05","","","","","🆕 ลูกค้าใหม่","","22/6/2569 8:44:09"
"MIS_260624-251","JOB-260622-0D3","บานหลัง","3M Absolute  - AS15","25","42","1","ต้น","🆕 ลูกค้าใหม่","","24/6/2569 16:26:39"
"MIS_260624-22E","JOB-260622-292","บานหน้า","G-TEC - CM20","30","60","1","วัล , นา","🆕 ลูกค้าใหม่","","24/6/2569 16:27:35"
"MIS_260624-B0E","JOB-260622-292","บานหลัง","G-TEC - CM05","20","40","1","ต้น","🆕 ลูกค้าใหม่","","24/6/2569 16:27:35"
"MIS_260624-4A0","JOB-260622-292","ประตูหน้า-ซ้าย","G-TEC - CM05","20","40","1","มาว","🆕 ลูกค้าใหม่","","24/6/2569 16:27:35"
"MIS_260624-5C2","JOB-260622-292","ประตูหน้า-ขวา","G-TEC - CM05","20","40","1","พลอย","🆕 ลูกค้าใหม่","","24/6/2569 16:27:35"
"MIS_260624-86F","JOB-260622-292","ประตูหลัง-ซ้าย","G-TEC - CM05","18","60","1","เอ","🆕 ลูกค้าใหม่","","24/6/2569 16:27:35"
"MIS_260624-F98","JOB-260622-292","ประตูหลัง-ขวา","G-TEC - CM05","","","","นัท","🆕 ลูกค้าใหม่","","24/6/2569 16:27:35"
"MIS_260624-E00","JOB-260622-D7B","บานหน้า","3M Ultra Clear - CM IR35","30","60","1","วัล , นา","🆕 ลูกค้าใหม่","","24/6/2569 16:28:42"
"MIS_260624-EEF","JOB-260622-D7B","บานหลัง","3M Ultra Clear - CM IR15","20","39","1","ต้น","🆕 ลูกค้าใหม่","","24/6/2569 16:28:42"
"MIS_260624-298","JOB-260622-D7B","ประตูหน้า-ซ้าย","3M Ultra Clear - CM IR25","20","35","1","มาว","🆕 ลูกค้าใหม่","","24/6/2569 16:28:42"
"MIS_260624-0A2","JOB-260622-D7B","ประตูหน้า-ขวา","3M Ultra Clear - CM IR25","20","35","1","พลอย","🆕 ลูกค้าใหม่","","24/6/2569 16:28:42"
"MIS_260624-846","JOB-260622-D7B","ประตูหลัง-ซ้าย","3M Ultra Clear - CM IR15","20","39","1","เอ","🆕 ลูกค้าใหม่","","24/6/2569 16:28:42"
"MIS_260624-1E0","JOB-260622-D7B","ประตูหลัง-ขวา","3M Ultra Clear - CM IR15","20","39","1","นัท","🆕 ลูกค้าใหม่","","24/6/2569 16:28:42"
"MIS_260624-362","JOB-260622-D7B","บานฟิก-ซ้าย","3M Ultra Clear - CM IR15","","","","","🆕 ลูกค้าใหม่","","24/6/2569 16:28:42"
"MIS_260624-053","JOB-260622-7AB","ซันรูฟ-ช่อง1","Cooper TPU - TPU BU70","60","72","1","นัท , วัล , ต้น , นา","🆕 ลูกค้าใหม่","","24/6/2569 16:29:13"
"MIS_260624-B31","JOB-260622-E67","บานหน้า","3M Ultra Clear - CM IR5","35","60","1","วัล , นา","🆕 ลูกค้าใหม่","","24/6/2569 16:30:19"
"MIS_260624-F26","JOB-260622-E67","บานหลัง","3M Ultra Clear - CM IR5","20","39","1","สดใส","🆕 ลูกค้าใหม่","","24/6/2569 16:30:19"
"MIS_260624-872","JOB-260622-E67","ประตูหน้า-ซ้าย","3M Ultra Clear - CM IR5","20","39","1","มาว","🆕 ลูกค้าใหม่","","24/6/2569 16:30:19"
"MIS_260624-34F","JOB-260622-E67","ประตูหน้า-ขวา","3M Ultra Clear - CM IR5","20","39","1","พลอย","🆕 ลูกค้าใหม่","","24/6/2569 16:30:19"
"MIS_260624-FDE","JOB-260622-E67","ประตูหลัง-ซ้าย","3M Ultra Clear - CM IR5","20","60","1","เอ","🆕 ลูกค้าใหม่","","24/6/2569 16:30:19"
"MIS_260624-F3F","JOB-260622-E67","ประตูหลัง-ขวา","3M Ultra Clear - CM IR5","","","","พลอย","🆕 ลูกค้าใหม่","","24/6/2569 16:30:19"
"MIS_260624-484","JOB-260622-E67","บานฟิก-ซ้าย","3M Ultra Clear - CM IR5","12","60","1","","🆕 ลูกค้าใหม่","","24/6/2569 16:30:19"
"MIS_260624-02C","JOB-260623-AE2","บานหน้า","G-TEC - CM40","33","60","1","วัล , นา","🆕 ลูกค้าใหม่","","24/6/2569 16:31:45"
"MIS_260624-90A","JOB-260623-AE2","บานหลัง","G-TEC - CM20","20","42","1","ต้น","🆕 ลูกค้าใหม่","","24/6/2569 16:31:45"
"MIS_260624-314","JOB-260623-AE2","ประตูหน้า-ซ้าย","G-TEC - CM20","20","42","1","มาว","🆕 ลูกค้าใหม่","","24/6/2569 16:31:45"
"MIS_260624-4D1","JOB-260623-AE2","ประตูหน้า-ขวา","G-TEC - CM20","20","42","1","พลอย","🆕 ลูกค้าใหม่","","24/6/2569 16:31:45"
"MIS_260624-EF8","JOB-260623-AE2","ประตูหลัง-ซ้าย","G-TEC - CM20","20","38","1","เอ","🆕 ลูกค้าใหม่","","24/6/2569 16:31:45"
"MIS_260624-320","JOB-260623-AE2","ประตูหลัง-ขวา","G-TEC - CM20","20","35","1","นัท","🆕 ลูกค้าใหม่","","24/6/2569 16:31:45"
"MIS_260624-9D1","JOB-260623-736","บานหน้า","3M Ultra Clear - CM IR15","31","60","1","วัล , นา","🆕 ลูกค้าใหม่","","24/6/2569 16:32:46"
"MIS_260624-9FC","JOB-260623-736","บานหลัง","3M Ultra Clear - CM IR5","20","43","1","ต้น","🆕 ลูกค้าใหม่","","24/6/2569 16:32:46"
"MIS_260624-A89","JOB-260623-736","ประตูหน้า-ซ้าย","3M Ultra Clear - CM IR5","20","43","1","มาว","🆕 ลูกค้าใหม่","","24/6/2569 16:32:46"
"MIS_260624-890","JOB-260623-736","ประตูหน้า-ขวา","3M Ultra Clear - CM IR5","20","43","1","นัท","🆕 ลูกค้าใหม่","","24/6/2569 16:32:46"
"MIS_260624-5A7","JOB-260623-736","ประตูหลัง-ซ้าย","3M Ultra Clear - CM IR5","20","32","1","เอ","🆕 ลูกค้าใหม่","","24/6/2569 16:32:46"
"MIS_260624-CCB","JOB-260623-736","ประตูหลัง-ขวา","3M Ultra Clear - CM IR5","20","32","1","พลอย","🆕 ลูกค้าใหม่","","24/6/2569 16:32:46"
"MIS_260624-0B7","JOB-260623-736","บานฟิก-ซ้าย","3M Ultra Clear - CM IR5","","","","","🆕 ลูกค้าใหม่","","24/6/2569 16:32:46"
"MIS_260624-112","JOB-260623-20F","บานหน้า","Hi-Kool CM - CM 35","34","60","1","วัล , นา","🆕 ลูกค้าใหม่","","24/6/2569 16:33:42"
"MIS_260624-DBF","JOB-260623-20F","บานหลัง","Hi-Kool CM - CM 20","30","65","1","สดใส","🆕 ลูกค้าใหม่","","24/6/2569 16:33:42"
"MIS_260624-394","JOB-260623-20F","ประตูหน้า-ซ้าย","Hi-Kool CM - CM 20","36","46","1","มาว","🆕 ลูกค้าใหม่","","24/6/2569 16:33:42"
"MIS_260624-DE3","JOB-260623-20F","ประตูหน้า-ขวา","Hi-Kool CM - CM 20","","","","พลอย","🆕 ลูกค้าใหม่","","24/6/2569 16:33:42"
"MIS_260624-AFC","JOB-260623-20F","ประตูหลัง-ซ้าย","Hi-Kool CM - CM 20","18","60","1","เอ","🆕 ลูกค้าใหม่","","24/6/2569 16:33:42"
"MIS_260624-AC9","JOB-260623-20F","ประตูหลัง-ขวา","Hi-Kool CM - CM 20","","","","นัท","🆕 ลูกค้าใหม่","","24/6/2569 16:33:42"
"MIS_260624-8E8","JOB-260623-3C2","บานหน้า","Hi-Kool CM - CM 20","31","60","1","วัล , นา","🆕 ลูกค้าใหม่","","24/6/2569 16:34:46"
"MIS_260624-E79","JOB-260623-3C2","บานหลัง","Hi-Kool CM - CM 20","20","43","1","ต้น","🆕 ลูกค้าใหม่","","24/6/2569 16:34:46"
"MIS_260624-220","JOB-260623-3C2","ประตูหน้า-ซ้าย","Hi-Kool CM - CM 05","20","40","1","มาว","🆕 ลูกค้าใหม่","","24/6/2569 16:34:46"
"MIS_260624-1C2","JOB-260623-3C2","ประตูหน้า-ขวา","Hi-Kool CM - CM 05","20","40","1","นัท","🆕 ลูกค้าใหม่","","24/6/2569 16:34:46"
"MIS_260624-6BD","JOB-260623-3C2","ประตูหลัง-ซ้าย","Hi-Kool CM - CM 05","20","32","1","เอ","🆕 ลูกค้าใหม่","","24/6/2569 16:34:46"
"MIS_260624-03D","JOB-260623-3C2","ประตูหลัง-ขวา","Hi-Kool CM - CM 05","20","32","1","พลอย","🆕 ลูกค้าใหม่","","24/6/2569 16:34:46"
"MIS_260624-8A4","JOB-260623-1A0","บานหน้า","Hi-Kool CM - CM 35","34","60","1","วัล , นา","🆕 ลูกค้าใหม่","","24/6/2569 16:35:57"
"MIS_260624-FDF","JOB-260623-1A0","บานหลัง","Hi-Kool CM - CM 20","27","45","1","สดใส","🆕 ลูกค้าใหม่","","24/6/2569 16:35:57"
"MIS_260624-B07","JOB-260623-1A0","ประตูหน้า-ซ้าย","Hi-Kool CM - CM 20","16.5","45","1","มาว","🆕 ลูกค้าใหม่","","24/6/2569 16:35:57"
"MIS_260624-42D","JOB-260623-1A0","ประตูหน้า-ขวา","Hi-Kool CM - CM 20","16.5","45","1","พลอย","🆕 ลูกค้าใหม่","","24/6/2569 16:35:57"
"MIS_260624-079","JOB-260623-1A0","ประตูหลัง-ซ้าย","Hi-Kool CM - CM 20","34","44","1","เอ","🆕 ลูกค้าใหม่","","24/6/2569 16:35:57"
"MIS_260624-6AA","JOB-260623-1A0","ประตูหลัง-ขวา","Hi-Kool CM - CM 20","","","","นัท","🆕 ลูกค้าใหม่","","24/6/2569 16:35:57"
"MIS_260624-F72","JOB-260623-1A0","บานฟิก-ซ้าย","Hi-Kool CM - CM 20","","","","","🆕 ลูกค้าใหม่","","24/6/2569 16:35:57"
"MIS_260624-C0C","JOB-260622-D10","บานหน้า","G-TEC - CM30","29","60","1","วัล , นา","🆕 ลูกค้าใหม่","","24/6/2569 16:36:22"
"MIS_260624-E6C","JOB-260622-0D2","บานหน้า","Hi-Kool CM - CM 35","30","60","1","วัล , นา","🆕 ลูกค้าใหม่","","24/6/2569 16:37:57"
"MIS_260624-E9C","JOB-260622-0D2","บานหลัง","Hi-Kool CM - CM 20","28","50","1","สดใส","🆕 ลูกค้าใหม่","","24/6/2569 16:37:57"
"MIS_260624-74B","JOB-260622-0D2","ประตูหน้า-ซ้าย","Hi-Kool CM - CM 20","32","50","1","มาว","🆕 ลูกค้าใหม่","","24/6/2569 16:37:57"
"MIS_260624-B3F","JOB-260622-0D2","ประตูหน้า-ขวา","Hi-Kool CM - CM 20","","","","นัท","🆕 ลูกค้าใหม่","","24/6/2569 16:37:57"
"MIS_260624-A26","JOB-260622-0D2","ประตูหลัง-ซ้าย","Hi-Kool CM - CM 20","18","60","1","เอ","🆕 ลูกค้าใหม่","","24/6/2569 16:37:57"
"MIS_260624-232","JOB-260622-0D2","ประตูหลัง-ขวา","Hi-Kool CM - CM 20","","","","ต้น","🆕 ลูกค้าใหม่","","24/6/2569 16:37:57"
"MIS_260624-52B","JOB-260624-87A","บานหน้า","G-TEC - CM20","40","60","1","วัล , นา","🆕 ลูกค้าใหม่","","24/6/2569 16:39:04"
"MIS_260624-026","JOB-260624-87A","บานหลัง","G-TEC - CM05","20","46","1","สดใส","🆕 ลูกค้าใหม่","","24/6/2569 16:39:04"
"MIS_260624-8C2","JOB-260624-87A","ประตูหน้า-ซ้าย","G-TEC - CM05","20","46","1","มาว","🆕 ลูกค้าใหม่","","24/6/2569 16:39:04"
"MIS_260624-C6C","JOB-260624-87A","ประตูหน้า-ขวา","G-TEC - CM05","20","46","1","เอ","🆕 ลูกค้าใหม่","","24/6/2569 16:39:04"
"MIS_260624-F49","JOB-260624-87A","ประตูหลัง-ซ้าย","G-TEC - CM05","20","33","1","นัท","🆕 ลูกค้าใหม่","","24/6/2569 16:39:04"
"MIS_260624-CBF","JOB-260624-87A","ประตูหลัง-ขวา","G-TEC - CM05","20","33","1","ต้น","🆕 ลูกค้าใหม่","","24/6/2569 16:39:04"
"MIS_260624-4BF","JOB-260624-87A","บานฟิก-ซ้าย","G-TEC - CM05","14","60","1","ต้น","🆕 ลูกค้าใหม่","","24/6/2569 16:39:04"
"MIS_260624-532","JOB-260617-1AA","บานหน้า","3M Ultra Clear - CM IR25","30","60","1","วัล , นา","🆕 ลูกค้าใหม่","","24/6/2569 16:40:08"
"MIS_260624-4C8","JOB-260617-1AA","บานหลัง","3M Ultra Clear - CM IR15","24","50","1","สดใส","🆕 ลูกค้าใหม่","","24/6/2569 16:40:08"
"MIS_260624-C9A","JOB-260617-1AA","ประตูหน้า-ซ้าย","3M Ultra Clear - CM IR15","18","50","1","มาว","🆕 ลูกค้าใหม่","","24/6/2569 16:40:08"
"MIS_260624-D60","JOB-260617-1AA","ประตูหน้า-ขวา","3M Ultra Clear - CM IR15","18","50","1","นัท","🆕 ลูกค้าใหม่","","24/6/2569 16:40:08"
"MIS_260624-2D8","JOB-260617-1AA","ประตูหลัง-ซ้าย","3M Ultra Clear - CM IR15","18","60","1","เอ","🆕 ลูกค้าใหม่","","24/6/2569 16:40:08"
"MIS_260624-304","JOB-260617-1AA","ประตูหลัง-ขวา","3M Ultra Clear - CM IR15","","","","ต้น","🆕 ลูกค้าใหม่","","24/6/2569 16:40:08"
"MIS_260624-F83","JOB-260623-055","บานหน้า","3M Absolute  - AS15","31","60","1","นา","🆕 ลูกค้าใหม่","","24/6/2569 16:41:07"
"MIS_260624-5DD","JOB-260623-055","บานหลัง","3M Absolute  - AS5","20","44","1","ต้น","🆕 ลูกค้าใหม่","","24/6/2569 16:41:07"
"MIS_260624-861","JOB-260623-055","ประตูหน้า-ซ้าย","3M Absolute  - AS15","20","36","1","เอ","🆕 ลูกค้าใหม่","","24/6/2569 16:41:07"
"MIS_260624-ABE","JOB-260623-055","ประตูหน้า-ขวา","3M Absolute  - AS15","20","36","1","นัท","🆕 ลูกค้าใหม่","","24/6/2569 16:41:07"
"MIS_260624-9C9","JOB-260623-055","ประตูหลัง-ซ้าย","3M Absolute  - AS5","20","44","1","เอ","🆕 ลูกค้าใหม่","","24/6/2569 16:41:07"
"MIS_260624-BE9","JOB-260623-055","ประตูหลัง-ขวา","3M Absolute  - AS5","20","44","1","นัท","🆕 ลูกค้าใหม่","","24/6/2569 16:41:07"
"MIS_260624-F09","JOB-260622-2C3","บานหน้า","Hi-Kool CM - CM 20","28","60","1","วัล , นา","🆕 ลูกค้าใหม่","","24/6/2569 16:42:13"
"MIS_260624-A7D","JOB-260622-2C3","บานหลัง","Hi-Kool CM - CM 20","20","45","1","ต้น","🆕 ลูกค้าใหม่","","24/6/2569 16:42:13"
"MIS_260624-F8B","JOB-260622-2C3","ประตูหน้า-ซ้าย","Hi-Kool CM - CM 20","20","45","1","เอ","🆕 ลูกค้าใหม่","","24/6/2569 16:42:13"
"MIS_260624-BDE","JOB-260622-2C3","ประตูหน้า-ขวา","Hi-Kool CM - CM 20","20","45","1","เอ","🆕 ลูกค้าใหม่","","24/6/2569 16:42:13"
"MIS_260624-958","JOB-260622-2C3","ประตูหลัง-ซ้าย","Hi-Kool CM - CM 20","20","43","1","มาว","🆕 ลูกค้าใหม่","","24/6/2569 16:42:13"
"MIS_260624-F93","JOB-260622-2C3","ประตูหลัง-ขวา","Hi-Kool CM - CM 20","","","","นัท","🆕 ลูกค้าใหม่","","24/6/2569 16:42:13"
"MIS_260624-356","JOB-260622-2C3","บานฟิก-ซ้าย","Hi-Kool CM - CM 20","12","60","1","","🆕 ลูกค้าใหม่","","24/6/2569 16:42:13"